test_id,case,config_sha256,quantity,expected,measured,error,tolerance,status,verification_kind,run_dir,note
G01,examples/analytic_single_pulse.json,bbea1c49aee3ffeb946b1fa726b303b851dedf8fd004bfa73c8650f092fdd289,峰值能流 (J/m^2),73890.5609893065,73890.5609893065,0.0,解析恒等,通过,公式核查,C:\Users\RZF\Desktop\博士课题资料\工艺仿真软件\ultrafast-demo\runs\acceptance\g01_single_pulse,由 2E/(pi w0^2) 解析给出
G01,examples/analytic_single_pulse.json,bbea1c49aee3ffeb946b1fa726b303b851dedf8fd004bfa73c8650f092fdd289,单脉冲能量 (J),1.1606702178681694e-05,1.1606702178681694e-05,0.0,解析恒等,通过,公式核查,C:\Users\RZF\Desktop\博士课题资料\工艺仿真软件\ultrafast-demo\runs\acceptance\g01_single_pulse,11.6067021786817 uJ
G01,examples/analytic_single_pulse.json,bbea1c49aee3ffeb946b1fa726b303b851dedf8fd004bfa73c8650f092fdd289,中心去除深度 (m),2e-07,1.9999999999999996e-07,1.3234889800848443e-16,rel <= 1e-12,通过,数值实现验证,C:\Users\RZF\Desktop\博士课题资料\工艺仿真软件\ultrafast-demo\runs\acceptance\g01_single_pulse,200 nm
G01,examples/analytic_single_pulse.json,bbea1c49aee3ffeb946b1fa726b303b851dedf8fd004bfa73c8650f092fdd289,去除体积 (m^3),3.1415926535897935e-17,3.1411e-17,0.00015681650809518674,rel <= 1%,通过,数值实现验证,C:\Users\RZF\Desktop\博士课题资料\工艺仿真软件\ultrafast-demo\runs\acceptance\g01_single_pulse,31.4159265358979 um^3；网格 dx=dy=w/20
G01,examples/analytic_single_pulse.json,bbea1c49aee3ffeb946b1fa726b303b851dedf8fd004bfa73c8650f092fdd289,去除半径 (m),1e-05,1e-05,0.0,解析恒等,通过,公式核查,C:\Users\RZF\Desktop\博士课题资料\工艺仿真软件\ultrafast-demo\runs\acceptance\g01_single_pulse,r_a = w*sqrt(ln(F0/Fth)/2) = w = 10 um
G01,网格 dx=dy=w/20,analytic_single_pulse,去除体积相对误差,<= 1%,1.568e-04,0.00015681650809518674,rel <= 1%,通过,数值收敛记录,C:\Users\RZF\Desktop\博士课题资料\工艺仿真软件\ultrafast-demo\runs\acceptance\g01_single_pulse,dx = 5.000e-07 m
G01,网格 dx=dy=w/40,analytic_single_pulse,去除体积相对误差,<= 1%,1.557e-05,1.5566496101057905e-05,rel <= 1%,通过,数值收敛记录,C:\Users\RZF\Desktop\博士课题资料\工艺仿真软件\ultrafast-demo\runs\acceptance\g01_single_pulse,dx = 2.500e-07 m
G01,网格 dx=dy=w/80,analytic_single_pulse,去除体积相对误差,<= 1%,6.365e-06,6.365350953644903e-06,rel <= 1%,通过,数值收敛记录,C:\Users\RZF\Desktop\博士课题资料\工艺仿真软件\ultrafast-demo\runs\acceptance\g01_single_pulse,dx = 1.250e-07 m
G02,examples/ten_pulses.json,c4092f673f381394113538904635c4a4ba4859ece8d0532b64ccc72b9eccf83e,事件数,10,10,0,== 10,通过,数值实现验证,C:\Users\RZF\Desktop\博士课题资料\工艺仿真软件\ultrafast-demo\runs\acceptance\g02_ten_pulses,
G02,examples/ten_pulses.json,c4092f673f381394113538904635c4a4ba4859ece8d0532b64ccc72b9eccf83e,中心深度 (m),2e-06,1.9999999999999995e-06,2.1175823681357508e-16,rel <= 1e-12,通过,数值实现验证,C:\Users\RZF\Desktop\博士课题资料\工艺仿真软件\ultrafast-demo\runs\acceptance\g02_ten_pulses,2 um
G02,examples/ten_pulses.json,c4092f673f381394113538904635c4a4ba4859ece8d0532b64ccc72b9eccf83e,去除体积 (m^3),3.1415926535897933e-16,3.1410999999999994e-16,0.00015681650809534368,rel <= 1%,通过,数值实现验证,C:\Users\RZF\Desktop\博士课题资料\工艺仿真软件\ultrafast-demo\runs\acceptance\g02_ten_pulses,314.159265358979 um^3
G03,零事件,,去除体积 (m^3),0.0,0.0,0.0,== 0（事件数为 0）,通过,数值实现验证,C:\Users\RZF\Desktop\博士课题资料\工艺仿真软件\ultrafast-demo\runs\acceptance\g01_single_pulse,空路径不制造去除
G03,等阈值,,最大去除深度 (m),0.0,0.0,0.0,== 0（F <= Fth）,通过,数值实现验证,C:\Users\RZF\Desktop\博士课题资料\工艺仿真软件\ultrafast-demo\runs\acceptance\g01_single_pulse,先掩膜后取对数
G03,无效能量（负）,,是否拒绝,拒绝（CONFIG_INVALID）,已拒绝,,,通过,数值实现验证,C:\Users\RZF\Desktop\博士课题资料\工艺仿真软件\ultrafast-demo\runs\acceptance\g01_single_pulse,
G03,无效半径（负）,,是否拒绝,拒绝（CONFIG_INVALID）,已拒绝,,,通过,数值实现验证,C:\Users\RZF\Desktop\博士课题资料\工艺仿真软件\ultrafast-demo\runs\acceptance\g01_single_pulse,
G03,NaN 参数,,是否拒绝,拒绝（CONFIG_INVALID）,已拒绝,,,通过,数值实现验证,C:\Users\RZF\Desktop\博士课题资料\工艺仿真软件\ultrafast-demo\runs\acceptance\g01_single_pulse,
G03,域外照射,,发射/截获能量 (J),发射 1.160670e-05，截获 0,发射 1.160670e-05，截获 0.000000e+00,,截获 == 0 且不去除,通过,数值实现验证,C:\Users\RZF\Desktop\博士课题资料\工艺仿真软件\ultrafast-demo\runs\acceptance\g01_single_pulse,遗漏能量不归一化回域内
G03,缺 δ 请求深度,data/materials/cfrp_t700_yb01_800nm.json,是否拒绝,拒绝（MATERIAL_CAPABILITY_MISSING）,已拒绝,,,通过,数值实现验证,C:\Users\RZF\Desktop\博士课题资料\工艺仿真软件\ultrafast-demo\runs\acceptance\g01_single_pulse,不悄悄切换合成模式
G04,examples/line_scan.json,8e610d924c2d3187f51988fb70ffc44862359c08ebce2daf9328d4d02e9ca15e,事件数,7,7,0,== 7,通过,数值实现验证,C:\Users\RZF\Desktop\博士课题资料\工艺仿真软件\ultrafast-demo\runs\acceptance\g04_line_scan,"段 [0,7/f) 左闭右开，终点不产生脉冲"
G04,examples/line_scan.json,8e610d924c2d3187f51988fb70ffc44862359c08ebce2daf9328d4d02e9ca15e,位置间距 v/f (m),1e-05,9.999999999999999e-06,1.6940658945086004e-16,rel <= 1e-9,通过,数值实现验证,C:\Users\RZF\Desktop\博士课题资料\工艺仿真软件\ultrafast-demo\runs\acceptance\g04_line_scan,"v=1 m/s, f=100 kHz"
G04,examples/line_scan.json,8e610d924c2d3187f51988fb70ffc44862359c08ebce2daf9328d4d02e9ca15e,ROI 可用,True,True,,== True,通过,数值实现验证,C:\Users\RZF\Desktop\博士课题资料\工艺仿真软件\ultrafast-demo\runs\acceptance\g04_line_scan,实际面积 3.170000e-10 m^2
G04,examples/line_scan.json,8e610d924c2d3187f51988fb70ffc44862359c08ebce2daf9328d4d02e9ca15e,全域平均深度 (m),V/A,2.361380496720783e-08,0.0,与 V/A 一致,通过,数值实现验证,C:\Users\RZF\Desktop\博士课题资料\工艺仿真软件\ultrafast-demo\runs\acceptance\g04_line_scan,与 ROI 平均分别输出
G04,正反向扫描,,深度场最大绝对差,0.0,2.9116757561866574e-22,2.9116757561866574e-22,rel <= 1e-12（对称工况）,通过,数值实现验证,C:\Users\RZF\Desktop\博士课题资料\工艺仿真软件\ultrafast-demo\runs\acceptance\g04_line_scan,固定阈值、关闭几何反馈
G04,统一时钟,,时间戳重复数,0,0,0,== 0,通过,数值实现验证,C:\Users\RZF\Desktop\博士课题资料\工艺仿真软件\ultrafast-demo\runs\acceptance\g04_line_scan,段区间左闭右开
C-raster,examples/raster_multipass.json,b46f8b12eba567760060eaae32b4cd045a04f23a1033a4d45e8f724162287f80,事件数,105,105,0,== 105（5 行 × 7 点 × 3 遍）,通过,数值实现验证,C:\Users\RZF\Desktop\博士课题资料\工艺仿真软件\ultrafast-demo\runs\acceptance\c_raster_multipass,
C-raster,examples/raster_multipass.json,b46f8b12eba567760060eaae32b4cd045a04f23a1033a4d45e8f724162287f80,遍数快照,4,4,,>= 3 遍 + 最终,通过,数值实现验证,C:\Users\RZF\Desktop\博士课题资料\工艺仿真软件\ultrafast-demo\runs\acceptance\c_raster_multipass,snapshot_policy=passes
C-raster,examples/raster_multipass.json,b46f8b12eba567760060eaae32b4cd045a04f23a1033a4d45e8f724162287f80,多 ROI 分别统计,2,2,0,== 2,通过,数值实现验证,C:\Users\RZF\Desktop\博士课题资料\工艺仿真软件\ultrafast-demo\runs\acceptance\c_raster_multipass,空 ROI 会返回不可用状态
M0-synthetic,examples/synthetic_demo_point.json,4a20fd94acbb0f54eb738b66c4081fde3d1584e4cecd0923a1b1c3a92209ebb4,单位系统,dimensionless,dimensionless,,== dimensionless,通过,数值实现验证,C:\Users\RZF\Desktop\博士课题资料\工艺仿真软件\ultrafast-demo\runs\acceptance\m0_synthetic_demo,禁止导出物理 um 深度
M0-synthetic,examples/synthetic_demo_point.json,4a20fd94acbb0f54eb738b66c4081fde3d1584e4cecd0923a1b1c3a92209ebb4,中心深度 (L_ref),10.0,10.0,0.0,rel <= 1e-12,通过,数值实现验证,C:\Users\RZF\Desktop\博士课题资料\工艺仿真软件\ultrafast-demo\runs\acceptance\m0_synthetic_demo,5 脉冲 × 2.0（h/L_ref 无量纲）；depth 与几何同一长度尺度
G05,examples/ysz_reference_case.json,54e5133e7eb2e8197218d9dcb2b9c6d4924e7305c8c54caa79aef0eea5e623b2,YSZ 扫描速度 (mm/s),278.9734276388,278.97342763877356,9.474805537572104e-14,rel <= 1e-12,通过,公式核查,C:\Users\RZF\Desktop\博士课题资料\工艺仿真软件\ultrafast-demo\runs\acceptance\g05_ysz_reference,"式(9) N_eff=(pi/4)*(2*w0*f)/v 反解；w0=16um, f=33300Hz, N_eff=3"
G05,examples/ysz_reference_case.json,54e5133e7eb2e8197218d9dcb2b9c6d4924e7305c8c54caa79aef0eea5e623b2,错误换算 2*w0*f/N (mm/s),355.2,355.19999999999993,1.6003214769371628e-16,rel <= 1e-12,通过,公式核查,C:\Users\RZF\Desktop\博士课题资料\工艺仿真软件\ultrafast-demo\runs\acceptance\g05_ysz_reference,仅作对照：与式(9) 相差 27.3%，不参与任何物理输出
G05,examples/ysz_reference_case.json,54e5133e7eb2e8197218d9dcb2b9c6d4924e7305c8c54caa79aef0eea5e623b2,YSZ 脉冲能量 (uJ),201.464053689406,201.4640536894062,9.875308392213193e-16,rel <= 1e-12,通过,公式核查,C:\Users\RZF\Desktop\博士课题资料\工艺仿真软件\ultrafast-demo\runs\acceptance\g05_ysz_reference,"E=F0*pi*w0^2/2；F0=50.1 J/cm^2, w0=16um（条件一致性检查）"
G05,examples/sic_reference_case.json,07c0b1f454b21e5e17465f1c0d1023bedd6df5d6a49362417c7d5711ce1c5a44,SiC Fth(1) (J/cm^2),2.35,2.35,0.0,rel <= 1e-15,通过,公式核查,C:\Users\RZF\Desktop\博士课题资料\工艺仿真软件\ultrafast-demo\runs\acceptance\g05_sic_reference,式(6) Fth(N)=F_inf+(F1-F_inf)*exp(-k*(N-1))
G05,examples/sic_reference_case.json,07c0b1f454b21e5e17465f1c0d1023bedd6df5d6a49362417c7d5711ce1c5a44,SiC Fth(N->inf) (J/cm^2),0.7,0.7,0.0,rel <= 1e-9,通过,公式核查,C:\Users\RZF\Desktop\博士课题资料\工艺仿真软件\ultrafast-demo\runs\acceptance\g05_sic_reference,
G05,examples/sic_reference_case.json,07c0b1f454b21e5e17465f1c0d1023bedd6df5d6a49362417c7d5711ce1c5a44,SiC k (1/pulse),0.0199,0.0199,0.0,== 0.0199（卡内值）,通过,公式核查,C:\Users\RZF\Desktop\博士课题资料\工艺仿真软件\ultrafast-demo\runs\acceptance\g05_sic_reference,取自材料卡 multi_response，不在算例里硬编码
G05,examples/sic_reference_case.json,07c0b1f454b21e5e17465f1c0d1023bedd6df5d6a49362417c7d5711ce1c5a44,平均率 / 协议累计深度 独立输出,两项分别给出，累计=平均×N_eff,平均 59.5674 nm/有效脉冲；N=720 累计 42.8885 um,,rel <= 1e-12,通过,数值实现验证,C:\Users\RZF\Desktop\博士课题资料\工艺仿真软件\ultrafast-demo\runs\acceptance\g05_sic_reference,语义 mean_depth_per_effective_pulse；不自动累加到逐脉冲网格
G05,（语义闸门）,,平均率/累计量能否进入事件核,拒绝（RESPONSE_SEMANTICS_INVALID）,已拒绝,,,通过,数值实现验证,C:\Users\RZF\Desktop\博士课题资料\工艺仿真软件\ultrafast-demo\runs\acceptance\g05_sic_reference,即使数组形状吻合也不放行
G05,（参考运行目录）,,是否写出形貌表面文件,不写（参考评估器不求解网格）,"文件：config.json, diagnostics.json, material_snapshot.json, metadata.json, profiles.csv, snapshots, statistics.csv, watermark.json",,,通过,数值实现验证,C:\Users\RZF\Desktop\博士课题资料\工艺仿真软件\ultrafast-demo\runs\acceptance\g05_ysz_reference,目录中无 final_surface.npz，避免被误当形貌结果
G06,examples/alsic_particle_composite.json,b2cb28c65400ef229fd3f445cbcd1c3690219ab05982a469e6b50a71c63534b9,结构实例求解状态,completed（合成结构，内部单位）,颗粒增强铝基（合成）｜结构类型 particle_composite｜种子 20260910｜事件 21,,,通过,数值实现验证,C:\Users\RZF\Desktop\博士课题资料\工艺仿真软件\ultrafast-demo\runs\acceptance\g06_alsic_particles,相响应为内联合成定义；跨相截断为有损近似
G06,examples/cfrp_laminated_ply.json,fb1d5adbe4e92499f760bcba15c0d47981f7e45d1c0f271d8570d466df4ae98f,结构实例求解状态,completed（合成结构，内部单位）,CFRP 铺层 [0/90/0/90]（合成）｜结构类型 laminated_fiber_composite｜种子 20260911｜事件 16,,,通过,数值实现验证,C:\Users\RZF\Desktop\博士课题资料\工艺仿真软件\ultrafast-demo\runs\acceptance\g06_cfrp_plies,相响应为内联合成定义；跨相截断为有损近似
G06,examples/（两个合成结构算例）,,同相合并等价,合并前后几何逐位一致,合并 3→2 层，几何逐位一致,,,通过,数值实现验证,C:\Users\RZF\Desktop\博士课题资料\工艺仿真软件\ultrafast-demo\runs\acceptance,同相相邻铺层合并后 phase_at / next_different_interface 与预合并单层等价
G06,examples/（两个合成结构算例）,,同相层界不假截断/不同相不跳过,同相列 inf；异相列 = 层厚,同相列 inf；异相列 1（= 层厚）,,,通过,数值实现验证,C:\Users\RZF\Desktop\博士课题资料\工艺仿真软件\ultrafast-demo\runs\acceptance,同相层界不假截断，真实相界面距离解析给出
G06,examples/（两个合成结构算例）,,颗粒界面不跳过,进入/离开距离解析命中,进入 0.3｜离开 0.5｜无颗粒列 inf,,,通过,数值实现验证,C:\Users\RZF\Desktop\博士课题资料\工艺仿真软件\ultrafast-demo\runs\acceptance,解析射线-球求交：进入/离开界面均命中，不越过
G06,examples/（两个合成结构算例）,,不拆伪脉冲,单次应用 = 单一相核候选量,中心列一次应用 0.1887093983 = 单一纤维核 0.1887093983,,,通过,数值实现验证,C:\Users\RZF\Desktop\博士课题资料\工艺仿真软件\ultrafast-demo\runs\acceptance,一个真实脉冲只调用当前暴露相的一个核，未拆成两相叠加
G06,examples/（两个合成结构算例）,,固定种子重现,同种子逐位一致，异种子不同,同种子 7 个颗粒逐位一致；异种子几何不同,,,通过,数值实现验证,C:\Users\RZF\Desktop\博士课题资料\工艺仿真软件\ultrafast-demo\runs\acceptance,固定种子可复现，且换种子确有影响
G06,examples/（两个合成结构算例）,,目标/实际体积分数分列,两者分别给出且方法可追溯,"目标 0.32｜实际 {""Al_matrix"": 0.72815, ""SiC_particle"": 0.27185}（grid_sample, n=20000）",,,通过,数值实现验证,C:\Users\RZF\Desktop\博士课题资料\工艺仿真软件\ultrafast-demo\runs\acceptance,目标与实际体积分数分别报告，不强制相等
G06,examples/（两个合成结构算例）,,跨相截断命名与诊断,「未应用候选去除体积」+ 四项统计,截断事件 14｜相切换事件 14｜未应用占比 0.02175,,,通过,数值实现验证,C:\Users\RZF\Desktop\博士课题资料\工艺仿真软件\ultrafast-demo\runs\acceptance,截断量命名为「未应用候选去除体积」，且不以剩余能量表述
G06,examples/（两个合成结构算例）,,红线：旧 δ 字段,拒绝（RESPONSE_SEMANTICS_INVALID）,RESPONSE_SEMANTICS_INVALID,,,通过,数值实现验证,C:\Users\RZF\Desktop\博士课题资料\工艺仿真软件\ultrafast-demo\runs\acceptance,相 'x' 使用了旧字段 delta_over_delta_ref
G06,examples/（两个合成结构算例）,,红线：相借用其它材料卡,拒绝（MATERIAL_CAPABILITY_MISSING）,MATERIAL_CAPABILITY_MISSING,,,通过,数值实现验证,C:\Users\RZF\Desktop\博士课题资料\工艺仿真软件\ultrafast-demo\runs\acceptance,相 'SiC_particle' 不能引用其它材料卡（material_id='sic_4h_cface_1035nm_multishot'）
G06,examples/（两个合成结构算例）,,红线：相沿用整体阈值来源,拒绝（MATERIAL_CAPABILITY_MISSING）,MATERIAL_CAPABILITY_MISSING,,,通过,数值实现验证,C:\Users\RZF\Desktop\博士课题资料\工艺仿真软件\ultrafast-demo\runs\acceptance,相 'resin' 的 response_source='parent_card_threshold' 不被允许
G06,examples/（两个合成结构算例）,,红线：整体阈值拆给分相,拒绝（MATERIAL_CAPABILITY_MISSING）,MATERIAL_CAPABILITY_MISSING,,,通过,数值实现验证,C:\Users\RZF\Desktop\博士课题资料\工艺仿真软件\ultrafast-demo\runs\acceptance,相 'resin' 的阈值与父卡整体阈值相同（0.84）
G06,examples/（两个合成结构算例）,,红线：结构×动态角度互斥,拒绝（CONFIG_INVALID）,CONFIG_INVALID,,,通过,数值实现验证,C:\Users\RZF\Desktop\博士课题资料\工艺仿真软件\ultrafast-demo\runs\acceptance,配置层拦截：分相截断与动态角度不得同时启用
G06,examples/（两个合成结构算例）,,红线：结构类型与卡一致,拒绝（CONDITION_MISMATCH）,CONDITION_MISMATCH,,,通过,数值实现验证,C:\Users\RZF\Desktop\博士课题资料\工艺仿真软件\ultrafast-demo\runs\acceptance,结构类型与材料卡声明不一致时拒绝
G09-UI,app.py（Streamlit）,,初始渲染无异常,无异常,无异常,,,通过,数值实现验证,C:\Users\RZF\Desktop\博士课题资料\工艺仿真软件\ultrafast-demo\runs\acceptance\_ui_probe,六标签页：参数与运行 / 结果 / 参考评估器 / 查表 / 七材料能力入口 / 历史运行
G09-UI,app.py（Streamlit）,,初始 solve_count,0,0,,,通过,数值实现验证,C:\Users\RZF\Desktop\博士课题资料\工艺仿真软件\ultrafast-demo\runs\acceptance\_ui_probe,未提交前不得求解
G09-UI,app.py（Streamlit）,,初始无冻结结果,frozen=None,frozen=None,,,通过,数值实现验证,C:\Users\RZF\Desktop\博士课题资料\工艺仿真软件\ultrafast-demo\runs\acceptance\_ui_probe,
G09-UI,app.py（Streamlit）,,提交计算：solve_count 恰好 +1,1,1,,,通过,数值实现验证,C:\Users\RZF\Desktop\博士课题资料\工艺仿真软件\ultrafast-demo\runs\acceptance\_ui_probe,run_id=ui_run_20260917T055159_lwh9｜status=completed
G09-UI,app.py（Streamlit）,,改参数未提交：旧结果标为「上一次运行」且不求解,is_stale=True｜solve_count=1｜界面出现「上一次运行」,is_stale=True｜solve_count=1｜label=上一次运行（2026-09-17T05:51:59.930703+00:00）,,,通过,数值实现验证,C:\Users\RZF\Desktop\博士课题资料\工艺仿真软件\ultrafast-demo\runs\acceptance\_ui_probe,执行细则 11.3
G09-UI,app.py（Streamlit）,,改参数后 solve_count 不变,1,1,,,通过,数值实现验证,C:\Users\RZF\Desktop\博士课题资料\工艺仿真软件\ultrafast-demo\runs\acceptance\_ui_probe,
G09-UI,app.py（Streamlit）,,快照回放 / 切图层 / 旋转视图 / 切截面：solve_count 不变,1（不变）,1,,,通过,数值实现验证,C:\Users\RZF\Desktop\博士课题资料\工艺仿真软件\ultrafast-demo\runs\acceptance\_ui_probe,执行细则 11.3「只旋转视图、切换图层/截面/快照时读取已有数据」
G09-UI,app.py（Streamlit）,,读取历史运行：read_count +1 且 solve_count 不变,read_count=1｜solve_count=0,read_count=1｜solve_count=0｜run_id=ui_run_20260917T055159_lwh9,,,通过,数值实现验证,C:\Users\RZF\Desktop\博士课题资料\工艺仿真软件\ultrafast-demo\runs\acceptance\_ui_probe,读取不等于用当前参数求解
G09-UI,app.py（Streamlit）,,回放水印与导出 watermark.json 逐字段一致,material_id/run_mode/unit_mode 全部一致,导出存在=True｜material_id=analytic_fixture_not_a_material｜run_mode=reference_case｜unit_mode=SI,,,通过,数值实现验证,C:\Users\RZF\Desktop\博士课题资料\工艺仿真软件\ultrafast-demo\runs\acceptance\_ui_probe,批次 H：导出=回放，标签不再各写一份
G09-UI,app.py（Streamlit）,,参考评估器「评估」：不进入逐事件求解、不产生形貌,solve_count=0｜产出参考结果｜frozen=None,solve_count=0｜有参考结果=True｜frozen=None,,,通过,数值实现验证,C:\Users\RZF\Desktop\博士课题资料\工艺仿真软件\ultrafast-demo\runs\acceptance\_ui_probe,参考评估器只做公式核查（批次 D 语义）
G09-UI,app.py（Streamlit）,,查表「查值」：不触发求解、不读取历史,solve_count=0｜产出查表结果｜read_count=0,solve_count=0｜read_count=0｜有查表结果=True,,,通过,数值实现验证,C:\Users\RZF\Desktop\博士课题资料\工艺仿真软件\ultrafast-demo\runs\acceptance\_ui_probe,批次 F：查表是纯读取，不是求解
G09-UI,app.py（Streamlit）,,切换曲线卡 / 插值方法：solve_count 始终为 0,0（不变）,曲线数=4｜异常组合=无,,,通过,数值实现验证,C:\Users\RZF\Desktop\博士课题资料\工艺仿真软件\ultrafast-demo\runs\acceptance\_ui_probe,批次 F：换曲线/换算法不得触发求解
G09-UI,app.py（Streamlit）,,七材料能力入口：全部条目探针实跑通过,未核验=0｜探针全通过｜开放/红线/缺口均绑定依据,"开放=15｜红线=11｜缺口=1[('金刚石', '合成形貌')]｜未核验=0",,,通过,数值实现验证,C:\Users\RZF\Desktop\博士课题资料\工艺仿真软件\ultrafast-demo\runs\acceptance\_ui_probe,批次 H：拦截与缺口都必须有可执行证据，不得只在文档中声称
G09-UI,app.py（Streamlit）,,金刚石「合成形貌」记为缺口而非开放,opened 中不含「合成形貌」,"opened=['导入入口', '条件对应阈值']",,,通过,数值实现验证,C:\Users\RZF\Desktop\博士课题资料\工艺仿真软件\ultrafast-demo\runs\acceptance\_ui_probe,规格要求开放但实现未支持，必须如实标为缺口并证明当前打不开
G09-UI,app.py（Streamlit）,,图层标签不含被禁措辞（严格子串：热影响区/HAZ/温度…）,全部通过,全部通过,,,通过,数值实现验证,C:\Users\RZF\Desktop\博士课题资料\工艺仿真软件\ultrafast-demo\runs\acceptance\_ui_probe,执行细则 11.3 措辞守卫
G09-UI,app.py（Streamlit）,,缺能力模式显示准确不可用原因（不自动降级、不静默填值）,拒绝并给出原因,"允许=False｜原因=材料卡未开放 reference_case 模式；允许：['threshold_only', 'synthetic_demo']",,,通过,数值实现验证,C:\Users\RZF\Desktop\博士课题资料\工艺仿真软件\ultrafast-demo\runs\acceptance\_ui_probe,配置层拦截，而非仅按钮禁用
G09-UI,app.py（Streamlit）,,合成模式禁止导出物理深度,以 depth_um 命名时拒绝；depth 标签非 um,导出标签=depth/L_ref｜拒绝 depth_um=True,,,通过,数值实现验证,C:\Users\RZF\Desktop\博士课题资料\工艺仿真软件\ultrafast-demo\runs\acceptance\_ui_probe,执行细则 4.1：合成深度与微米平面坐标不可混算
G09-UI,app.py（Streamlit）,,threshold_only/参考结果：去除量显示「不提供」而非 0,removal_available=False,removal_available=False｜run_id=g05_ysz_reference,,,通过,数值实现验证,C:\Users\RZF\Desktop\博士课题资料\工艺仿真软件\ultrafast-demo\runs\acceptance\_ui_probe,界面不显示数值零冒充「无去除」
G09-UI,app.py（Streamlit）,,求解模式可切为「冻结几何分组」并产出批量诊断,solve_count+1｜acceleration_diagnostics.grouped=True｜含块数与批大小,solve_count=0→1｜grouped=True｜批大小=5｜块=1｜拒绝/回退=0｜补丁复用率=0.0,,,通过,数值实现验证,C:\Users\RZF\Desktop\博士课题资料\工艺仿真软件\ultrafast-demo\runs\acceptance\_ui_probe,批次 I：细则 12 节要求界面显示实际批大小、拒绝/回退次数与运行时间
G09-UI,app.py（Streamlit）,,参考模式：加速面板如实说明未启用批量（不假装加速过）,grouped=False｜effective_mode=reference｜含「非全局误差证明」边界说明,grouped=False｜effective_mode=reference｜boundary_note 存在=True,,,通过,数值实现验证,C:\Users\RZF\Desktop\博士课题资料\工艺仿真软件\ultrafast-demo\runs\acceptance\_ui_probe,批次 I：局部误差估计不是全局误差证明，边界必须写明
G09-UI,app.py（Streamlit）,,几何修正：入射角/动态角度可切换，且支持范围与近似标注可见,solve_count+1｜斜入射与动态角度均生效｜面板含 n_z/入射角支持范围,solve_count=0→1｜斜入射=True｜动态角度=True｜光轴夹角=59.99999999999999｜法向厚度转换=0｜支持范围 n_z≥0.5、入射角≤60.0,,,通过,数值实现验证,C:\Users\RZF\Desktop\博士课题资料\工艺仿真软件\ultrafast-demo\runs\acceptance\_ui_probe,批次 J / T19：两增强对照可检查、支持范围与误差标识可见
G09-UI,app.py（Streamlit）,,正入射：不显示几何修正面板（未启用即不显示）,geometry_diagnostics 为空字典,空字典=True,,,通过,数值实现验证,C:\Users\RZF\Desktop\博士课题资料\工艺仿真软件\ultrafast-demo\runs\acceptance\_ui_probe,与批次 G/H/I 同口径：未启用不返回假数据
G09-UI,app.py（Streamlit）,,探针运行输出位置,隔离到 C:\Users\RZF\Desktop\博士课题资料\工艺仿真软件\ultrafast-demo\runs\acceptance\_ui_probe,已写入 476 个运行目录,,,通过,数值实现验证,C:\Users\RZF\Desktop\博士课题资料\工艺仿真软件\ultrafast-demo\runs\acceptance\_ui_probe,UFDEMO_RUNS_DIR 覆盖，不污染工作区 runs/
G09-UI,app.py（Streamlit）,,提交运行目录,存在 metadata.json,存在,,,通过,数值实现验证,C:\Users\RZF\Desktop\博士课题资料\工艺仿真软件\ultrafast-demo\runs\acceptance\_ui_probe,
G09-demo,app.py（端到端链路）,,示例发现,cfrp_laminated_ply.json 出现在界面示例列表,在列表中,,,通过,数值实现验证,C:\Users\RZF\Desktop\博士课题资料\工艺仿真软件\ultrafast-demo\runs\acceptance\_ui_demo_probe,示例由 list_examples 扫目录自动纳入界面下拉
G09-demo,app.py（端到端链路）,,示例发现,alsic_particle_composite.json 出现在界面示例列表,在列表中,,,通过,数值实现验证,C:\Users\RZF\Desktop\博士课题资料\工艺仿真软件\ultrafast-demo\runs\acceptance\_ui_demo_probe,示例由 list_examples 扫目录自动纳入界面下拉
G09-demo,app.py（端到端链路）,,逻辑层提交,cfrp_laminated_ply.json 提交后 status=completed,status=completed｜solve_count=1｜快照=4,,,通过,数值实现验证,C:\Users\RZF\Desktop\博士课题资料\工艺仿真软件\ultrafast-demo\runs\acceptance\_ui_demo_probe,走 ui_service.submit（界面唯一求解入口）
G09-demo,app.py（端到端链路）,,逻辑层提交,alsic_particle_composite.json 提交后 status=completed,status=completed｜solve_count=1｜快照=2,,,通过,数值实现验证,C:\Users\RZF\Desktop\博士课题资料\工艺仿真软件\ultrafast-demo\runs\acceptance\_ui_demo_probe,走 ui_service.submit（界面唯一求解入口）
G09-demo,app.py（端到端链路）,,只读不重算,渲染/切图层/取快照后 solve_count 不变,1 -> 1,,,通过,数值实现验证,C:\Users\RZF\Desktop\博士课题资料\工艺仿真软件\ultrafast-demo\runs\acceptance\_ui_demo_probe,图层与诊断均为纯读取
G09-demo,app.py（端到端链路）,,只读不重算,渲染/切图层/取快照后 solve_count 不变,1 -> 1,,,通过,数值实现验证,C:\Users\RZF\Desktop\博士课题资料\工艺仿真软件\ultrafast-demo\runs\acceptance\_ui_demo_probe,图层与诊断均为纯读取
G09-demo,app.py（端到端链路）,,措辞守卫,全部图层标签不含被禁词（7 项）,"被禁词表 ('热影响区', 'HAZ', '温度场', '温度分布', '热输入', '温度')；命中 0 项",,,通过,数值实现验证,C:\Users\RZF\Desktop\博士课题资料\工艺仿真软件\ultrafast-demo\runs\acceptance\_ui_demo_probe,标签只描述该图实际是什么量
G09-demo,app.py（端到端链路）,,措辞守卫（不可用原因）,不可用原因文案不含被禁词,命中 0 项,,,通过,数值实现验证,C:\Users\RZF\Desktop\博士课题资料\工艺仿真软件\ultrafast-demo\runs\acceptance\_ui_demo_probe,如 threshold_mask 如实报不可用，不用无关量凑数
G09-demo,app.py（端到端链路）,,界面全链路（AppTest）,首屏无异常,异常=0 错误=0,,,通过,数值实现验证,C:\Users\RZF\Desktop\博士课题资料\工艺仿真软件\ultrafast-demo\runs\acceptance\_ui_demo_probe,AppTest 真实执行 app.py
G09-demo,app.py（端到端链路）,,界面全链路（AppTest）,点「提交计算」后无异常且出结果,异常=0 错误=0｜solve_count=1｜status=completed｜快照=4,,,通过,数值实现验证,C:\Users\RZF\Desktop\博士课题资料\工艺仿真软件\ultrafast-demo\runs\acceptance\_ui_demo_probe,选 CFRP + synthetic_demo + 铺层模板 → 提交
G09-demo,app.py（端到端链路）,,界面结果区渲染,结果页重跑无异常,异常=0 错误=0,,,通过,数值实现验证,C:\Users\RZF\Desktop\博士课题资料\工艺仿真软件\ultrafast-demo\runs\acceptance\_ui_demo_probe,结果区在提交后重新渲染
G09-demo,app.py（端到端链路）,,分相诊断面板,结果区出现「相结构诊断」面板,相结构诊断｜laminated_fiber_composite｜算法 structure_v1｜种子 20260911｜相数 2,,,通过,数值实现验证,C:\Users\RZF\Desktop\博士课题资料\工艺仿真软件\ultrafast-demo\runs\acceptance\_ui_demo_probe,面板含目标/实际体积分数、同相合并说明、各相摘要与截断诊断
G09-demo,app.py（端到端链路）,,历史读取同源,读回历史带出同源结构诊断且不求解,solve_count=0 read_count=1｜结构类型=laminated_fiber_composite｜截断诊断行=6｜phase_id=有,,,通过,数值实现验证,C:\Users\RZF\Desktop\博士课题资料\工艺仿真软件\ultrafast-demo\runs\acceptance\_ui_demo_probe,read_existing_run 与实时提交共用 build_structure_diagnostics
U03-browser,webui（真实浏览器）,,运行环境,真实系统浏览器,chrome 152.0.7977.84｜C:/Program Files/Google/Chrome/Application/chrome.exe,,,通过,数值实现验证,C:\Users\RZF\Desktop\博士课题资料\工艺仿真软件\ultrafast-demo\runs\acceptance\_browser_check,真实求解=True｜结果：C:\Users\RZF\Desktop\博士课题资料\工艺仿真软件\ultrafast-demo\runs\acceptance\_browser_check\probe\result.json
U03-browser,webui（真实浏览器）,,首页返回 200（实际 200）,,符合,,,通过,数值实现验证,C:\Users\RZF\Desktop\博士课题资料\工艺仿真软件\ultrafast-demo\runs\acceptance\_browser_check,
U03-browser,webui（真实浏览器）,,页面未显示 boot-error 面板,,符合,,,通过,数值实现验证,C:\Users\RZF\Desktop\博士课题资料\工艺仿真软件\ultrafast-demo\runs\acceptance\_browser_check,
U03-browser,webui（真实浏览器）,,无未捕获 JS 异常,,符合,,,通过,数值实现验证,C:\Users\RZF\Desktop\博士课题资料\工艺仿真软件\ultrafast-demo\runs\acceptance\_browser_check,
U03-browser,webui（真实浏览器）,,无失败请求（favicon 除外）,,符合,,,通过,数值实现验证,C:\Users\RZF\Desktop\博士课题资料\工艺仿真软件\ultrafast-demo\runs\acceptance\_browser_check,
U03-browser,webui（真实浏览器）,,无 console error（favicon 404 除外）,,符合,,,通过,数值实现验证,C:\Users\RZF\Desktop\博士课题资料\工艺仿真软件\ultrafast-demo\runs\acceptance\_browser_check,
U03-browser,webui（真实浏览器）,,4/4 个工作区可切换并激活,,符合,,,通过,数值实现验证,C:\Users\RZF\Desktop\博士课题资料\工艺仿真软件\ultrafast-demo\runs\acceptance\_browser_check,
U03-browser,webui（真实浏览器）,,可选中真实材料卡并回读一致（zirconia_ysz_machining_effective_n3）,,符合,,,通过,数值实现验证,C:\Users\RZF\Desktop\博士课题资料\工艺仿真软件\ultrafast-demo\runs\acceptance\_browser_check,
U03-browser,webui（真实浏览器）,,材料卡元信息随选择更新（#material-meta 非空）,,符合,,,通过,数值实现验证,C:\Users\RZF\Desktop\博士课题资料\工艺仿真软件\ultrafast-demo\runs\acceptance\_browser_check,
U03-browser,webui（真实浏览器）,,真实算例模板可载入并写入参数（alsic_particle_composite.json，E=5333.3）,,符合,,,通过,数值实现验证,C:\Users\RZF\Desktop\博士课题资料\工艺仿真软件\ultrafast-demo\runs\acceptance\_browser_check,
U03-browser,webui（真实浏览器）,,载入模板后材料卡随之回填（期望 alsic_sicp_aa2024_1030nm，实际 alsic_sicp_aa2024_1030nm）,,符合,,,通过,数值实现验证,C:\Users\RZF\Desktop\博士课题资料\工艺仿真软件\ultrafast-demo\runs\acceptance\_browser_check,
U03-browser,webui（真实浏览器）,,载入模板后运行模式随之回填（期望 synthetic_demo，实际 synthetic_demo）,,符合,,,通过,数值实现验证,C:\Users\RZF\Desktop\博士课题资料\工艺仿真软件\ultrafast-demo\runs\acceptance\_browser_check,
U03-browser,webui（真实浏览器）,,提交后求解次数 +1（0 → 1，等待 3s）,,符合,,,通过,数值实现验证,C:\Users\RZF\Desktop\博士课题资料\工艺仿真软件\ultrafast-demo\runs\acceptance\_browser_check,
U03-browser,webui（真实浏览器）,,确实发生了 POST /api/solve,,符合,,,通过,数值实现验证,C:\Users\RZF\Desktop\博士课题资料\工艺仿真软件\ultrafast-demo\runs\acceptance\_browser_check,
U03-browser,webui（真实浏览器）,,形貌 canvas 已真实绘制（800×800）,,符合,,,通过,数值实现验证,C:\Users\RZF\Desktop\博士课题资料\工艺仿真软件\ultrafast-demo\runs\acceptance\_browser_check,
U03-browser,webui（真实浏览器）,,越界入射角后显示结构化错误（含错误码/原因/要求）,,符合,,,通过,数值实现验证,C:\Users\RZF\Desktop\博士课题资料\工艺仿真软件\ultrafast-demo\runs\acceptance\_browser_check,
U03-browser,webui（真实浏览器）,,错误提示在超时前出现（未无限等待）,,符合,,,通过,数值实现验证,C:\Users\RZF\Desktop\博士课题资料\工艺仿真软件\ultrafast-demo\runs\acceptance\_browser_check,
U03-browser,webui（真实浏览器）,,准入失败不计入求解次数（1 → 1）,,符合,,,通过,数值实现验证,C:\Users\RZF\Desktop\博士课题资料\工艺仿真软件\ultrafast-demo\runs\acceptance\_browser_check,
U03-browser,webui（真实浏览器）,,"4 条曲线的轴名/单位都非空且非 ""[object Object]""",,符合,,,通过,数值实现验证,C:\Users\RZF\Desktop\博士课题资料\工艺仿真软件\ultrafast-demo\runs\acceptance\_browser_check,
U03-browser,webui（真实浏览器）,,改参数后出现过期标记并说明「显示的是上一次运行」,,符合,,,通过,数值实现验证,C:\Users\RZF\Desktop\博士课题资料\工艺仿真软件\ultrafast-demo\runs\acceptance\_browser_check,
U03-browser,webui（真实浏览器）,,改参数本身不触发求解（1 → 1）,,符合,,,通过,数值实现验证,C:\Users\RZF\Desktop\博士课题资料\工艺仿真软件\ultrafast-demo\runs\acceptance\_browser_check,
U03-browser,webui（真实浏览器）,,读历史后求解次数不变（1 → 1）,,符合,,,通过,数值实现验证,C:\Users\RZF\Desktop\博士课题资料\工艺仿真软件\ultrafast-demo\runs\acceptance\_browser_check,
U03-browser,webui（真实浏览器）,,读历史后读取次数 +1（0 → 1）,,符合,,,通过,数值实现验证,C:\Users\RZF\Desktop\博士课题资料\工艺仿真软件\ultrafast-demo\runs\acceptance\_browser_check,
U03-browser,webui（真实浏览器）,,读历史未触发 POST /api/solve,,符合,,,通过,数值实现验证,C:\Users\RZF\Desktop\博士课题资料\工艺仿真软件\ultrafast-demo\runs\acceptance\_browser_check,
U03-browser,webui（真实浏览器）,,拖动时间轴/切截面/换图层/转置共 4 次，求解次数不变（1 → 1）,,符合,,,通过,数值实现验证,C:\Users\RZF\Desktop\博士课题资料\工艺仿真软件\ultrafast-demo\runs\acceptance\_browser_check,
U03-browser,webui（真实浏览器）,,快照元信息完整（事件/时刻/遍次均非 undefined）,,符合,,,通过,数值实现验证,C:\Users\RZF\Desktop\博士课题资料\工艺仿真软件\ultrafast-demo\runs\acceptance\_browser_check,
U03-browser,webui（真实浏览器）,,回放画布已按快照尺寸绘制（805×805）,,符合,,,通过,数值实现验证,C:\Users\RZF\Desktop\博士课题资料\工艺仿真软件\ultrafast-demo\runs\acceptance\_browser_check,
U03-browser,webui（真实浏览器）,,U03-9 下载,,未运行,,,未运行,数值实现验证,,前端未实现下载/导出（index.html 无下载控件、main.js 无 Blob/createObjectURL）
U03-browser,webui（真实浏览器）,,查表后求解次数不变（1 → 1）,,符合,,,通过,数值实现验证,C:\Users\RZF\Desktop\博士课题资料\工艺仿真软件\ultrafast-demo\runs\acceptance\_browser_check,
U03-browser,webui（真实浏览器）,,查表未触发 POST /api/solve,,符合,,,通过,数值实现验证,C:\Users\RZF\Desktop\博士课题资料\工艺仿真软件\ultrafast-demo\runs\acceptance\_browser_check,
U03-browser,webui（真实浏览器）,,面板显示「数据支持范围」,,符合,,,通过,数值实现验证,C:\Users\RZF\Desktop\博士课题资料\工艺仿真软件\ultrafast-demo\runs\acceptance\_browser_check,
U03-browser,webui（真实浏览器）,,面板同时给出分组五折误差（不只报留出）,,符合,,,通过,数值实现验证,C:\Users\RZF\Desktop\博士课题资料\工艺仿真软件\ultrafast-demo\runs\acceptance\_browser_check,
U03-browser,webui（真实浏览器）,,面板明确标注「辅助手段，不替代物理引擎验证」,,符合,,,通过,数值实现验证,C:\Users\RZF\Desktop\博士课题资料\工艺仿真软件\ultrafast-demo\runs\acceptance\_browser_check,
U03-browser,webui（真实浏览器）,,给出宽/深预测结果,,符合,,,通过,数值实现验证,C:\Users\RZF\Desktop\博士课题资料\工艺仿真软件\ultrafast-demo\runs\acceptance\_browser_check,
U03-browser,webui（真实浏览器）,,预测后求解次数不变（1 → 1）,,符合,,,通过,数值实现验证,C:\Users\RZF\Desktop\博士课题资料\工艺仿真软件\ultrafast-demo\runs\acceptance\_browser_check,
U03-browser,webui（真实浏览器）,,预测未触发 POST /api/solve（独立通道）,,符合,,,通过,数值实现验证,C:\Users\RZF\Desktop\博士课题资料\工艺仿真软件\ultrafast-demo\runs\acceptance\_browser_check,
U03-browser,webui（真实浏览器）,,案例表列出文献算例（D02-*）,,符合,,,通过,数值实现验证,C:\Users\RZF\Desktop\博士课题资料\工艺仿真软件\ultrafast-demo\runs\acceptance\_browser_check,
U03-browser,webui（真实浏览器）,,等效脉冲数带「非真实事件序列」标注（不得写成脉冲数）,,符合,,,通过,数值实现验证,C:\Users\RZF\Desktop\博士课题资料\工艺仿真软件\ultrafast-demo\runs\acceptance\_browser_check,
U03-browser,webui（真实浏览器）,,案例表未把等效值表述为真实脉冲数,,符合,,,通过,数值实现验证,C:\Users\RZF\Desktop\博士课题资料\工艺仿真软件\ultrafast-demo\runs\acceptance\_browser_check,
U03-browser,webui（真实浏览器）,,页面声明无实测三维形貌 / 重建须标注,,符合,,,通过,数值实现验证,C:\Users\RZF\Desktop\博士课题资料\工艺仿真软件\ultrafast-demo\runs\acceptance\_browser_check,
U03-browser,webui（真实浏览器）,,回放后求解次数不变（1 → 1）,,符合,,,通过,数值实现验证,C:\Users\RZF\Desktop\博士课题资料\工艺仿真软件\ultrafast-demo\runs\acceptance\_browser_check,
U03-browser,webui（真实浏览器）,,回放未触发 POST /api/solve,,符合,,,通过,数值实现验证,C:\Users\RZF\Desktop\博士课题资料\工艺仿真软件\ultrafast-demo\runs\acceptance\_browser_check,
U03-browser,webui（真实浏览器）,,所有被点击的控件都真实响应（无「点不到」）,,符合,,,通过,数值实现验证,C:\Users\RZF\Desktop\博士课题资料\工艺仿真软件\ultrafast-demo\runs\acceptance\_browser_check,
G09-table,curves/analytic_fixture_depth_vs_fluence.curve.json,,曲线去向（语义路由）,event_kernel（event_kernel 仅限 event_depth_increment）,"event_kernel｜可进事件核=True｜派生=removal_depth_per_pulse,local_depth",,,通过,数值实现验证,C:\Users\RZF\Desktop\博士课题资料\工艺仿真软件\ultrafast-demo\docs\reports,"原始点 9｜有效区间 [1.0, 40.0]"
G09-table,curves/sic4h_measured_single_pulse_crater.curve.json,,曲线去向（语义路由）,event_kernel（event_kernel 仅限 event_depth_increment）,"event_kernel｜可进事件核=True｜派生=removal_depth_per_pulse,local_depth",,,通过,数值实现验证,C:\Users\RZF\Desktop\博士课题资料\工艺仿真软件\ultrafast-demo\docs\reports,"原始点 4｜有效区间 [6.92, 10.82]"
G09-table,curves/sic_threshold_vs_effective_n.curve.json,,曲线去向（语义路由）,evaluator（event_kernel 仅限 event_depth_increment）,evaluator｜可进事件核=False｜派生=threshold_fluence,,,通过,数值实现验证,C:\Users\RZF\Desktop\博士课题资料\工艺仿真软件\ultrafast-demo\docs\reports,"原始点 7｜有效区间 [1.0, 720.0]"
G09-table,curves/synthetic_volume_per_energy.curve.json,,曲线去向（语义路由）,evaluator（event_kernel 仅限 event_depth_increment）,"evaluator｜可进事件核=False｜派生=removal_volume,removal_volume_per_energy",,,通过,数值实现验证,C:\Users\RZF\Desktop\博士课题资料\工艺仿真软件\ultrafast-demo\docs\reports,"原始点 6｜有效区间 [0.35, 8.0]"
G09-table,tests/fixtures/curves_invalid/*,,无效曲线卡是否按预期码拒收,14 组分别触发预期错误码（CONFIG_INVALID / NUMERIC_NONFINITE / …）,通过 14/14,,全通过（14 项）,通过,数值实现验证,C:\Users\RZF\Desktop\博士课题资料\工艺仿真软件\ultrafast-demo\docs\reports\table_errors.csv,明细见 table_errors.csv
G09-table,lookup_below_range,,行为级拒收错误码,`TABLE_OUT_OF_RANGE`,`TABLE_OUT_OF_RANGE`,,码一致,通过,数值实现验证,C:\Users\RZF\Desktop\博士课题资料\工艺仿真软件\ultrafast-demo\docs\reports\table_errors.csv,越界：低于有效区间下界（不得返回 0）
G09-table,lookup_above_range,,行为级拒收错误码,`TABLE_OUT_OF_RANGE`,`TABLE_OUT_OF_RANGE`,,码一致,通过,数值实现验证,C:\Users\RZF\Desktop\博士课题资料\工艺仿真软件\ultrafast-demo\docs\reports\table_errors.csv,越界：高于有效区间上界
G09-table,pchip_without_scipy,,行为级拒收错误码,`NOT_IMPLEMENTED`,`NOT_IMPLEMENTED`,,码一致,通过,数值实现验证,C:\Users\RZF\Desktop\博士课题资料\工艺仿真软件\ultrafast-demo\docs\reports\table_errors.csv,PCHIP 缺 SciPy 时必须显式报错，不得静默退化为线性
G09-table,local_depth_from_volume,,行为级拒收错误码,`CONFIG_INVALID`,`CONFIG_INVALID`,,码一致,通过,数值实现验证,C:\Users\RZF\Desktop\博士课题资料\工艺仿真软件\ultrafast-demo\docs\reports\table_errors.csv,体积曲线不得反推局部去除深度
G09-table,event_kernel_from_threshold,,行为级拒收错误码,`RESPONSE_SEMANTICS_INVALID`,`RESPONSE_SEMANTICS_INVALID`,,码一致,通过,数值实现验证,C:\Users\RZF\Desktop\博士课题资料\工艺仿真软件\ultrafast-demo\docs\reports\table_errors.csv,阈值曲线不得进入逐事件核
G09-table,condition_mismatch_on_event_curve,,行为级拒收错误码,`CONDITION_MISMATCH`,`CONDITION_MISMATCH`,,码一致,通过,数值实现验证,C:\Users\RZF\Desktop\博士课题资料\工艺仿真软件\ultrafast-demo\docs\reports\table_errors.csv,固定条件不匹配时拒绝逐事件核
G09-table,unknown_interpolation_method,,行为级拒收错误码,`CONFIG_INVALID`,`CONFIG_INVALID`,,码一致,通过,数值实现验证,C:\Users\RZF\Desktop\博士课题资料\工艺仿真软件\ultrafast-demo\docs\reports\table_errors.csv,未登记的插值方法拒绝
G09-table,analytic_fixture_depth_vs_fluence,,越界查询返回值,None（不是 0，也不外推）,越界=[None]｜状态=below_range,,值必须为 None,通过,数值实现验证,C:\Users\RZF\Desktop\博士课题资料\工艺仿真软件\ultrafast-demo\docs\reports\table_errors.csv,低于量测区间不等于无去除
G09-table,analytic_fixture_depth_vs_fluence,,端点包含性,含端点（闭区间）,"[1.0, 40.0] 查值状态=ok",,status==ok,通过,数值实现验证,C:\Users\RZF\Desktop\博士课题资料\工艺仿真软件\ultrafast-demo\docs\reports\curve_interpolation.csv,端点不因浮点被判越界
G09-table,curves/*,,查表是否产生形貌表面文件,不产生（查表不是求解）,无 final_surface.npz（查表只读曲线）,,,通过,数值实现验证,C:\Users\RZF\Desktop\博士课题资料\工艺仿真软件\ultrafast-demo\docs\reports\table_lookup.md,批次 H（T14）：查表不接逐事件主循环；本批只开放 event_depth_increment 之外的语义路由
G09-threshold,tools/material_report.py,,配置层拒绝累计/平均能流基准,CONFIG_INVALID,4 个累计/平均基准 + 整份 RunConfig 均 CONFIG_INVALID,,,通过,数值实现验证,C:\Users\RZF\Desktop\博士课题资料\工艺仿真软件\ultrafast-demo\docs\reports\g09_threshold_protocol.csv,非法能流基准在配置层被拒，不靠界面禁用
G09-threshold,tools/material_report.py,,唯一注册基准 = 本事件入射能流,"('per_event_incident',)","唯一注册基准=('per_event_incident',)",,,通过,数值实现验证,C:\Users\RZF\Desktop\博士课题资料\工艺仿真软件\ultrafast-demo\docs\reports\g09_threshold_protocol.csv,只登记「本事件入射能流」一种基准
G09-threshold,tools/material_report.py,,禁用时报不可用、不返回全 0 假数组,available=False｜分类=None,未开启→available=False｜分类返回 None（非全 0 数组）,,,通过,数值实现验证,C:\Users\RZF\Desktop\博士课题资料\工艺仿真软件\ultrafast-demo\docs\reports\g09_threshold_protocol.csv,禁用时如实报不可用，不返回假数组
G09-threshold,tools/material_report.py,,多候选须显式 candidate_index,未给索引→不可用,2 个候选：未给索引→不可用｜idx0=2.35e+04｜idx1=4.97e+04,,,通过,数值实现验证,C:\Users\RZF\Desktop\博士课题资料\工艺仿真软件\ultrafast-demo\docs\reports\g09_threshold_protocol.csv,多候选必须显式 candidate_index，不静默取默认
G09-threshold,tools/material_report.py,,多脉冲口径不得当单脉冲阈值,N=10 拦｜N=1 放行,高温合金 N=10→不可用｜CFRP Fth1→可用,,,通过,数值实现验证,C:\Users\RZF\Desktop\博士课题资料\工艺仿真软件\ultrafast-demo\docs\reports\g09_threshold_protocol.csv,按口径名机器识别多脉冲：N≥2 定点口径判不可用，N=1 端点放行
G09-threshold,tools/material_report.py,,缺阈值如实报不可用,available=False｜threshold=None,微晶玻璃（无阈值）→available=False｜threshold=None,,,通过,数值实现验证,C:\Users\RZF\Desktop\博士课题资料\工艺仿真软件\ultrafast-demo\docs\reports\g09_threshold_protocol.csv,缺阈值如实报不可用，不补近似值
G09-threshold,tools/material_report.py,,只按本事件能流判超阈（可判别构造）,累计超阈但掩膜为空,两发 0.6Fth（累计 1.2Fth）掩膜=空｜单发 1.2Fth 点亮 25 单元｜高度逐位不变,,,通过,数值实现验证,C:\Users\RZF\Desktop\博士课题资料\工艺仿真软件\ultrafast-demo\docs\reports\g09_threshold_protocol.csv,只按本事件能流判超阈，且协议不产生去除量
G09-threshold,tools/material_report.py,,求解器启用/禁用两态一致,启用记数落盘｜禁用不造假,启用：超阈单元·事件=185｜末态单元=37｜禁用：掩膜=None 且快照不写数组,,,通过,数值实现验证,C:\Users\RZF\Desktop\博士课题资料\工艺仿真软件\ultrafast-demo\docs\reports\g09_threshold_protocol.csv,启用时落盘并计数，禁用时不造假数组；threshold_only 深度仍为 null
G09-threshold,tools/material_report.py,,七材料能力入口：逐条探针实跑,全部成立,探针 27/27 成立｜开放 15｜红线 11｜缺口 1,,,通过,数值实现验证,C:\Users\RZF\Desktop\博士课题资料\工艺仿真软件\ultrafast-demo\docs\reports\g09_threshold_protocol.csv,七材料入口的开放/红线/缺口逐条实跑核验
G09-entries,data/materials/*.json,,七材料入口探针全部成立,全部 ok=True,探针 27/27｜开放 15｜红线 11｜缺口 1,,全部 ok=True,通过,数值实现验证,C:\Users\RZF\Desktop\博士课题资料\工艺仿真软件\ultrafast-demo\docs\reports\material_capability_table.csv,拦截不是文档声明：每条红线都跑出指定错误码
G09-entries,data/materials/diamond_*.json,,金刚石「合成形貌」记为缺口（非开放）,opened 中不含该项｜缺口探针证明当前打不开,"缺口 1 项｜[('金刚石', '合成形貌')]",,缺口探针 ok=True,通过,数值实现验证,C:\Users\RZF\Desktop\博士课题资料\工艺仿真软件\ultrafast-demo\docs\reports\material_capability_table.csv,规格要求开放但实现未支持，不得声称为已开放；留待 M2 放行前决策
G09-watermark,runs/g01_single_pulse,bbea1c49aee3ffeb946b1fa726b303b851dedf8fd004bfa73c8650f092fdd289,watermark.json 存在且非空,存在且含 material_id/run_mode/unit_mode,存在=True｜keys=19,,,通过,数值实现验证,C:\Users\RZF\Desktop\博士课题资料\工艺仿真软件\ultrafast-demo\runs\acceptance\g01_single_pulse,标签贯穿导出：单文件即可读出身份与模式
G09-watermark,runs/g01_single_pulse,bbea1c49aee3ffeb946b1fa726b303b851dedf8fd004bfa73c8650f092fdd289,metadata 含 run_mode/unit_mode/watermark,三者齐备,run_mode=reference_case｜unit_mode=SI｜watermark_keys=19,,,通过,数值实现验证,C:\Users\RZF\Desktop\博士课题资料\工艺仿真软件\ultrafast-demo\runs\acceptance\g01_single_pulse,模式与单位随结果落盘，回放同源
G09-watermark,runs/g01_single_pulse,bbea1c49aee3ffeb946b1fa726b303b851dedf8fd004bfa73c8650f092fdd289,statistics.csv 含 watermark.* 自描述行,watermark.material_id/run_mode/unit_mode 均存在,watermark.* 行数=12,,,通过,数值实现验证,C:\Users\RZF\Desktop\博士课题资料\工艺仿真软件\ultrafast-demo\runs\acceptance\g01_single_pulse,单独拿走 statistics.csv 仍能读出材料身份
G07,examples/ten_pulses.json,,0° 入射退化为正入射核（逐位一致）,height 完全相同,逐位=True,0,严格相等,通过,数值实现验证,C:\Users\RZF\Desktop\博士课题资料\工艺仿真软件\ultrafast-demo\examples\ten_pulses.json,符号约定（μ=k·n）的等价性由本行锁定
G07,examples/oblique_plane_60deg.json,,60° 足迹长短轴比（应 = 1/cos60° = 2）,2（±2 格离散容差）,1.9917,0.0083,<= 0.03,通过,数值实现验证,C:\Users\RZF\Desktop\博士课题资料\工艺仿真软件\ultrafast-demo\examples\oblique_plane_60deg.json,准直光束隔离投影；椭圆比由 r²=|q-q_f|²-s² 自然得到
G07,examples/oblique_plane_60deg.json,,60° 中心表面能流 = 法向对应值的 1/2,0.5×F_perp（μ=cos60°）,0.500000000000,1.110e-16,rel <= 1e-12,通过,数值实现验证,C:\Users\RZF\Desktop\博士课题资料\工艺仿真软件\ultrafast-demo\examples\oblique_plane_60deg.json,F_s=μ·F_perp，只乘一次余弦（不再重复缩放光斑）
G07,examples/oblique_plane_60deg.json,,完整平面截获能量（应为 Ep）,1.160670e-05 J,1.160670e-05 J,1.685e-09,rel <= 1%,通过,数值实现验证,C:\Users\RZF\Desktop\博士课题资料\工艺仿真软件\ultrafast-demo\examples\oblique_plane_60deg.json,投影面积元口径：ΣF_s·dx·dy = Ep
G07,examples/tilted_plane_dynamic_angle.json,,斜平面 Δh=-a_n/n_z（解析预测）,1.793211e-07 m,1.793211e-07 m,1.476e-16,rel <= 2%,通过,数值实现验证,C:\Users\RZF\Desktop\博士课题资料\工艺仿真软件\ultrafast-demo\examples\tilted_plane_dynamic_angle.json,明确不是 -a_n·n_z；法向厚度转换计入 diagnostics.geometry
G07,examples/tilted_plane_dynamic_angle.json,,法向厚度转换被记录,转换次数 >= 1 且含近似说明,转换=1,,>= 1,通过,数值实现验证,C:\Users\RZF\Desktop\博士课题资料\工艺仿真软件\ultrafast-demo\examples\tilted_plane_dynamic_angle.json,源文方向不明时不自动转换；此处核声明 surface_normal
G07,（入射角 70° 超范围）,,超出软件范围即停止（不裁剪角度）,GEOMETRY_UNSUPPORTED 且说明 60° 上限,ok=False｜码=['GEOMETRY_UNSUPPORTED'],,拒绝,通过,数值实现验证,C:\Users\RZF\Desktop\博士课题资料\工艺仿真软件\ultrafast-demo\src\ufdemo\config.py,支持范围是软件数值/展示范围，不是材料物理边界
G07,（竖直墙 + 60°）,,遮挡出现在墙的迎光侧,被遮挡列全部位于墙(x=80)迎光侧,列范围=64–79,,< 80,通过,数值实现验证,C:\Users\RZF\Desktop\博士课题资料\工艺仿真软件\ultrafast-demo\src\ufdemo\geometry.py,首次交点射线检查；表面起伏 ≤ 一步长时走解析快速路径
G08,examples/ten_pulses.json,,深度场最大绝对差 (m),与逐脉冲参考接近浮点一致,0.000e+00（尺度 2.000e-06）,0.000e+00,rel <= 1e-12,通过,数值实现验证,C:\Users\RZF\Desktop\博士课题资料\工艺仿真软件\ultrafast-demo\examples\ten_pulses.json,冻结几何 + 固定阈值 + 同相：分组与参考仅差浮点舍入
G08,examples/ten_pulses.json,,归一化 L2 差（完整逐脉冲对照）,与逐脉冲参考接近浮点一致,0.000e+00,0.000e+00,<= 1e-12,通过,数值实现验证,C:\Users\RZF\Desktop\博士课题资料\工艺仿真软件\ultrafast-demo\examples\ten_pulses.json,细则 10 节要求报告最大绝对差与归一化 L2 差
G08,examples/ten_pulses.json,,曝光/照射计数逐位一致,与参考逐位相等,曝光=True｜照射=False,,两者皆为 True,失败,数值实现验证,C:\Users\RZF\Desktop\博士课题资料\工艺仿真软件\ultrafast-demo\examples\ten_pulses.json,块级 touch_counts 语义 = 每单元被去除次数，与逐脉冲逐位对齐
G08,axial_defocus + zR=10μm（弱几何变化）,,深度场逐点判据通过数,全部单元满足 abs(d_g-d_ref) <= 0.01|d_ref| + 0.01δ_test,25921/25921 通过（最大相对差 0.5639%）,5.6394e-03,rel <= 1%,通过,数值实现验证,C:\Users\RZF\Desktop\博士课题资料\工艺仿真软件\ultrafast-demo\examples\ten_pulses.json,打开允许的弱几何变化后，深度场与体积偏差均不超过 1%
G08,axial_defocus + zR=10μm（弱几何变化）,,去除体积相对差,abs(Vg-Vr) <= 0.01|Vr| + A_domain·0.01δ_test,0.1888%,1.8882e-03,rel <= 1%,通过,数值实现验证,C:\Users\RZF\Desktop\博士课题资料\工艺仿真软件\ultrafast-demo\examples\ten_pulses.json,体积判据含绝对项，避免近零算例掩盖较大误差
G08,分组 × 分相/历史/动态角度,,配置层拦截（CONFIG_INVALID）,三种组合全部被拒,"{'structured_interface': True, 'history_enabled': True, 'dynamic_angle': True}",,全部为 True,通过,数值实现验证,C:\Users\RZF\Desktop\博士课题资料\工艺仿真软件\ultrafast-demo\src\ufdemo\config.py,未开放组合在配置层拦截，不靠运行期静默降级（细则 9.1 末）
G08,examples/ten_pulses.json,,批大小不变性（B=1/2/5/10）,各档均与参考一致,B=1:0.0e+00｜B=2:4.2e-22｜B=5:4.2e-22｜B=10:0.0e+00,,rel <= 1e-12,通过,数值实现验证,C:\Users\RZF\Desktop\博士课题资料\工艺仿真软件\ultrafast-demo\examples\ten_pulses.json,B=1 使用参考更新；奇数块按两个尽量等长的子块处理
B01,性能基准（正确性和基础开销（256×256、1000 脉冲、定点））,,求解耗时 / 峰值内存,见 docs/reports/performance_baseline.md,加速比=4.004｜峰值内存=7.153 MB｜块=16｜拒绝=0,,记录实测（非承诺）,通过,数值实现验证,C:\Users\RZF\Desktop\博士课题资料\工艺仿真软件\ultrafast-demo\docs\reports\performance_baseline.csv,定点脉冲：分组可复用光束补丁
B02,性能基准（局部更新 / Numba 收益（512×512、10000 脉冲、定点））,,求解耗时 / 峰值内存,见 docs/reports/performance_baseline.md,加速比=3.904｜峰值内存=27.76 MB｜块=79｜拒绝=0,,记录实测（非承诺）,通过,数值实现验证,C:\Users\RZF\Desktop\博士课题资料\工艺仿真软件\ultrafast-demo\docs\reports\performance_baseline.csv,同配置对照；不承诺固定加速倍数
B02-numba,性能基准（同配置仅换局部核后端（off → numba））,,求解耗时 / 峰值内存,见 docs/reports/performance_baseline.md,加速比=0.999｜峰值内存=50.709 MB｜块=79｜拒绝=0,,记录实测（非承诺）,通过,数值实现验证,C:\Users\RZF\Desktop\博士课题资料\工艺仿真软件\ultrafast-demo\docs\reports\performance_baseline.csv,对照是 off 与 numba 两种后端，不是不同分辨率
B03,性能基准（事件流与长序列内存（512×512、100000 脉冲、有限快照））,,求解耗时 / 峰值内存,见 docs/reports/performance_baseline.md,加速比=｜峰值内存=29.312 MB｜块=391｜拒绝=0,,记录实测（非承诺）,通过,数值实现验证,C:\Users\RZF\Desktop\博士课题资料\工艺仿真软件\ultrafast-demo\docs\reports\performance_baseline.csv,逐脉冲参考规模过大未测；本行只报告分组模式的内存与耗时
B04,性能基准（分组加速与参考误差（5 行 × 40 点 × 3 遍蛇形））,,求解耗时 / 峰值内存,见 docs/reports/performance_baseline.md,加速比=1.323｜峰值内存=12.165 MB｜块=19｜拒绝=0,,记录实测（非承诺）,通过,数值实现验证,C:\Users\RZF\Desktop\博士课题资料\工艺仿真软件\ultrafast-demo\docs\reports\performance_baseline.csv,焦点移动：补丁不可复用，只靠块内冻结几何
G09,（查表接入逐事件核）,,查表值进入逐事件主循环并保持语义一致,见执行细则 10 节,未运行,,,未运行,数值实现验证,,批次 H（T14）已交付受限阈值协议与七材料能力入口（见上方 G09-threshold / G09-entries / G09-watermark 行）；**查表曲线接入逐事件主循环仍不开放**（细则第 7 节：只有 event_depth_increment 且协议适用时才可进入，本批不启用该通道）
