curve_id,kind,x,linear,pchip
sic_threshold_vs_effective_n,interpolated,1.0,2.35,2.35
sic_threshold_vs_effective_n,interpolated,4.595000000000001,2.236406007414218,2.2360264457183336
sic_threshold_vs_effective_n,interpolated,8.190000000000001,2.1316786565982158,2.1276978026572353
sic_threshold_vs_effective_n,interpolated,11.785,2.0456497842765264,2.0365340910190977
sic_threshold_vs_effective_n,interpolated,15.38,1.977602578699829,1.9516970253113073
sic_threshold_vs_effective_n,interpolated,18.975,1.9095553731231312,1.8693088921245822
sic_threshold_vs_effective_n,interpolated,22.57,1.8415081675464335,1.7897924495659079
sic_threshold_vs_effective_n,interpolated,26.165000000000003,1.773460961969736,1.7135704557422708
sic_threshold_vs_effective_n,interpolated,29.76,1.7054137563930383,1.6410656687606568
sic_threshold_vs_effective_n,interpolated,33.355000000000004,1.6373665508163406,1.572700846728052
sic_threshold_vs_effective_n,interpolated,36.95,1.5693193452396428,1.5088987477514426
sic_threshold_vs_effective_n,interpolated,40.545,1.5012721396629454,1.4500821299378142
sic_threshold_vs_effective_n,interpolated,44.14,1.4332249340862475,1.396673751394153
sic_threshold_vs_effective_n,interpolated,47.735,1.36517772850955,1.3490963702274448
sic_threshold_vs_effective_n,interpolated,51.330000000000005,1.3118719821429243,1.3073245124643995
sic_threshold_vs_effective_n,interpolated,54.925000000000004,1.2836710516490906,1.2669681203324796
sic_threshold_vs_effective_n,interpolated,58.52,1.2554701211552566,1.2271164316459668
sic_threshold_vs_effective_n,interpolated,62.115,1.2272691906614228,1.1881562860931267
sic_threshold_vs_effective_n,interpolated,65.71000000000001,1.199068260167589,1.1504745233622262
sic_threshold_vs_effective_n,interpolated,69.305,1.1708673296737553,1.1144579831415302
sic_threshold_vs_effective_n,interpolated,72.9,1.1426663991799213,1.080493505119306
sic_threshold_vs_effective_n,interpolated,76.495,1.1144654686860875,1.048967928983819
sic_threshold_vs_effective_n,interpolated,80.09,1.0862645381922538,1.020268094423335
sic_threshold_vs_effective_n,interpolated,83.685,1.05806360769842,0.9947808411261205
sic_threshold_vs_effective_n,interpolated,87.28,1.0298626772045862,0.9728930087804413
sic_threshold_vs_effective_n,interpolated,90.875,1.0016617467107523,0.9549914370745635
sic_threshold_vs_effective_n,interpolated,94.47,0.9734608162169185,0.9414629656967533
sic_threshold_vs_effective_n,interpolated,98.06500000000001,0.9452598857230845,0.9326944343352763
sic_threshold_vs_effective_n,interpolated,101.66000000000001,0.9294647834269334,0.9284989903649299
sic_threshold_vs_effective_n,interpolated,105.25500000000001,0.9281306917106107,0.9250975224509566
sic_threshold_vs_effective_n,interpolated,108.85000000000001,0.9267965999942881,0.921729046707201
sic_threshold_vs_effective_n,interpolated,112.44500000000001,0.9254625082779655,0.9183934087808704
sic_threshold_vs_effective_n,interpolated,116.04,0.9241284165616428,0.9150904543191725
sic_threshold_vs_effective_n,interpolated,119.635,0.9227943248453202,0.9118200289693145
sic_threshold_vs_effective_n,interpolated,123.23,0.9214602331289976,0.9085819783785039
sic_threshold_vs_effective_n,interpolated,126.825,0.920126141412675,0.9053761481939482
sic_threshold_vs_effective_n,interpolated,130.42000000000002,0.9187920496963523,0.9022023840628547
sic_threshold_vs_effective_n,interpolated,134.01500000000001,0.9174579579800297,0.8990605316324308
sic_threshold_vs_effective_n,interpolated,137.61,0.9161238662637071,0.8959504365498842
sic_threshold_vs_effective_n,interpolated,141.205,0.9147897745473844,0.8928719444624219
sic_threshold_vs_effective_n,interpolated,144.8,0.9134556828310618,0.8898249010172519
sic_threshold_vs_effective_n,interpolated,148.395,0.9121215911147392,0.8868091518615812
sic_threshold_vs_effective_n,interpolated,151.99,0.9107874993984166,0.883824542642617
sic_threshold_vs_effective_n,interpolated,155.585,0.9094534076820939,0.8808709190075673
sic_threshold_vs_effective_n,interpolated,159.18,0.9081193159657713,0.8779481266036392
sic_threshold_vs_effective_n,interpolated,162.775,0.9067852242494487,0.8750560110780404
sic_threshold_vs_effective_n,interpolated,166.37,0.905451132533126,0.8721944180779778
sic_threshold_vs_effective_n,interpolated,169.965,0.9041170408168034,0.8693631932506592
sic_threshold_vs_effective_n,interpolated,173.56,0.9027829491004808,0.8665621822432921
sic_threshold_vs_effective_n,interpolated,177.155,0.9014488573841581,0.863791230703084
sic_threshold_vs_effective_n,interpolated,180.75,0.9001147656678355,0.8610501842772418
sic_threshold_vs_effective_n,interpolated,184.345,0.898780673951513,0.8583388886129732
sic_threshold_vs_effective_n,interpolated,187.94,0.8974465822351904,0.8556571893574858
sic_threshold_vs_effective_n,interpolated,191.535,0.8961124905188677,0.8530049321579871
sic_threshold_vs_effective_n,interpolated,195.13000000000002,0.8947783988025451,0.850381962661684
sic_threshold_vs_effective_n,interpolated,198.72500000000002,0.8934443070862225,0.8477881265157844
sic_threshold_vs_effective_n,interpolated,202.32000000000002,0.8921102153698998,0.8452232693674956
sic_threshold_vs_effective_n,interpolated,205.91500000000002,0.8907761236535772,0.8426872368640249
sic_threshold_vs_effective_n,interpolated,209.51000000000002,0.8894420319372546,0.8401798746525799
sic_threshold_vs_effective_n,interpolated,213.10500000000002,0.8881079402209319,0.8377010283803681
sic_threshold_vs_effective_n,interpolated,216.70000000000002,0.8867738485046093,0.8352505436945966
sic_threshold_vs_effective_n,interpolated,220.29500000000002,0.8854397567882867,0.8328282662424731
sic_threshold_vs_effective_n,interpolated,223.89000000000001,0.8841056650719641,0.8304340416712048
sic_threshold_vs_effective_n,interpolated,227.485,0.8827715733556414,0.8280677156279994
sic_threshold_vs_effective_n,interpolated,231.08,0.8814374816393188,0.8257291337600642
sic_threshold_vs_effective_n,interpolated,234.675,0.8801033899229962,0.8234181417146065
sic_threshold_vs_effective_n,interpolated,238.27,0.8787692982066735,0.8211345851388339
sic_threshold_vs_effective_n,interpolated,241.865,0.8774352064903509,0.8188783096799537
sic_threshold_vs_effective_n,interpolated,245.46,0.8761011147740283,0.8166491609851736
sic_threshold_vs_effective_n,interpolated,249.055,0.8747670230577057,0.8144469847017005
sic_threshold_vs_effective_n,interpolated,252.65,0.873432931341383,0.8122716264767423
sic_threshold_vs_effective_n,interpolated,256.245,0.8720988396250604,0.8101229319575063
sic_threshold_vs_effective_n,interpolated,259.84000000000003,0.8707647479087378,0.8080007467911999
sic_threshold_vs_effective_n,interpolated,263.435,0.8694306561924151,0.8059049166250306
sic_threshold_vs_effective_n,interpolated,267.03000000000003,0.8680965644760925,0.8038352871062057
sic_threshold_vs_effective_n,interpolated,270.625,0.8667624727597699,0.8017917038819325
sic_threshold_vs_effective_n,interpolated,274.22,0.8654283810434473,0.7997740125994187
sic_threshold_vs_effective_n,interpolated,277.815,0.8640942893271246,0.7977820589058718
sic_threshold_vs_effective_n,interpolated,281.41,0.862760197610802,0.7958156884484988
sic_threshold_vs_effective_n,interpolated,285.005,0.8614261058944794,0.7938747468745074
sic_threshold_vs_effective_n,interpolated,288.6,0.8600920141781567,0.7919590798311051
sic_threshold_vs_effective_n,interpolated,292.195,0.8587579224618341,0.7900685329654993
sic_threshold_vs_effective_n,interpolated,295.79,0.8574238307455115,0.7882029519248972
sic_threshold_vs_effective_n,interpolated,299.385,0.8560897390291888,0.7863621823565066
sic_threshold_vs_effective_n,interpolated,302.98,0.8547556473128662,0.7845460699075345
sic_threshold_vs_effective_n,interpolated,306.575,0.8534215555965436,0.7827544602251885
sic_threshold_vs_effective_n,interpolated,310.17,0.8520874638802209,0.7809871989566762
sic_threshold_vs_effective_n,interpolated,313.76500000000004,0.8507533721638983,0.7792441317492047
sic_threshold_vs_effective_n,interpolated,317.36,0.8494192804475758,0.7775251042499818
sic_threshold_vs_effective_n,interpolated,320.95500000000004,0.848085188731253,0.7758299621062148
sic_threshold_vs_effective_n,interpolated,324.55,0.8467510970149305,0.7741585509651109
sic_threshold_vs_effective_n,interpolated,328.14500000000004,0.8454170052986079,0.7725107164738776
sic_threshold_vs_effective_n,interpolated,331.74,0.8440829135822853,0.7708863042797227
sic_threshold_vs_effective_n,interpolated,335.33500000000004,0.8427488218659626,0.7692851600298531
sic_threshold_vs_effective_n,interpolated,338.93,0.84141473014964,0.7677071293714764
sic_threshold_vs_effective_n,interpolated,342.52500000000003,0.8400806384333174,0.7661520579518004
sic_threshold_vs_effective_n,interpolated,346.12,0.8387465467169948,0.7646197914180322
sic_threshold_vs_effective_n,interpolated,349.71500000000003,0.8374124550006721,0.763110175417379
sic_threshold_vs_effective_n,interpolated,353.31,0.8360783632843495,0.7616230555970486
sic_threshold_vs_effective_n,interpolated,356.90500000000003,0.8347442715680269,0.7601582776042483
sic_threshold_vs_effective_n,interpolated,360.5,0.8334101798517042,0.7587156870861854
sic_threshold_vs_effective_n,interpolated,364.095,0.8320760881353816,0.7572951296900676
sic_threshold_vs_effective_n,interpolated,367.69,0.830741996419059,0.7558964510631022
sic_threshold_vs_effective_n,interpolated,371.285,0.8294079047027363,0.7545194968524965
sic_threshold_vs_effective_n,interpolated,374.88,0.8280738129864137,0.7531641127054581
sic_threshold_vs_effective_n,interpolated,378.475,0.8267397212700911,0.7518301442691941
sic_threshold_vs_effective_n,interpolated,382.07,0.8254056295537685,0.7505174371909126
sic_threshold_vs_effective_n,interpolated,385.665,0.8240715378374458,0.7492258371178204
sic_threshold_vs_effective_n,interpolated,389.26000000000005,0.8227374461211232,0.747955189697125
sic_threshold_vs_effective_n,interpolated,392.855,0.8214033544048006,0.7467053405760342
sic_threshold_vs_effective_n,interpolated,396.45000000000005,0.8200692626884779,0.7454761354017551
sic_threshold_vs_effective_n,interpolated,400.045,0.8187351709721553,0.7442674198214951
sic_threshold_vs_effective_n,interpolated,403.64000000000004,0.8174010792558327,0.7430790394824619
sic_threshold_vs_effective_n,interpolated,407.235,0.8160669875395101,0.7419108400318626
sic_threshold_vs_effective_n,interpolated,410.83000000000004,0.8147328958231874,0.740762667116905
sic_threshold_vs_effective_n,interpolated,414.425,0.8133988041068648,0.739634366384796
sic_threshold_vs_effective_n,interpolated,418.02000000000004,0.8120647123905422,0.7385257834827436
sic_threshold_vs_effective_n,interpolated,421.615,0.8107306206742195,0.7374367640579548
sic_threshold_vs_effective_n,interpolated,425.21000000000004,0.8093965289578969,0.7363671537576373
sic_threshold_vs_effective_n,interpolated,428.805,0.8080624372415743,0.7353167982289984
sic_threshold_vs_effective_n,interpolated,432.40000000000003,0.8067283455252516,0.7342855431192455
sic_threshold_vs_effective_n,interpolated,435.995,0.805394253808929,0.7332732340755861
sic_threshold_vs_effective_n,interpolated,439.59000000000003,0.8040601620926064,0.7322797167452276
sic_threshold_vs_effective_n,interpolated,443.185,0.8027260703762839,0.7313048367753774
sic_threshold_vs_effective_n,interpolated,446.78000000000003,0.8013919786599611,0.730348439813243
sic_threshold_vs_effective_n,interpolated,450.375,0.8000578869436386,0.7294103715060316
sic_threshold_vs_effective_n,interpolated,453.97,0.798723795227316,0.7284904775009511
sic_threshold_vs_effective_n,interpolated,457.565,0.7973897035109934,0.7275886034452085
sic_threshold_vs_effective_n,interpolated,461.16,0.7960556117946707,0.7267045949860111
sic_threshold_vs_effective_n,interpolated,464.75500000000005,0.7947215200783481,0.725838297770567
sic_threshold_vs_effective_n,interpolated,468.35,0.7933874283620255,0.7249895574460828
sic_threshold_vs_effective_n,interpolated,471.94500000000005,0.7920533366457028,0.7241582196597667
sic_threshold_vs_effective_n,interpolated,475.54,0.7907192449293802,0.7233441300588256
sic_threshold_vs_effective_n,interpolated,479.13500000000005,0.7893851532130576,0.7225471342904669
sic_threshold_vs_effective_n,interpolated,482.73,0.7880510614967349,0.7217670780018984
sic_threshold_vs_effective_n,interpolated,486.32500000000005,0.7867169697804123,0.7210038068403273
sic_threshold_vs_effective_n,interpolated,489.92,0.7853828780640897,0.7202571664529611
sic_threshold_vs_effective_n,interpolated,493.51500000000004,0.784048786347767,0.7195270024870071
sic_threshold_vs_effective_n,interpolated,497.11,0.7827146946314444,0.7188131605896727
sic_threshold_vs_effective_n,interpolated,500.70500000000004,0.7813806029151218,0.7181154864081658
sic_threshold_vs_effective_n,interpolated,504.3,0.7800465111987992,0.7174338255896932
sic_threshold_vs_effective_n,interpolated,507.89500000000004,0.7787124194824765,0.7167680237814626
sic_threshold_vs_effective_n,interpolated,511.49,0.7773783277661539,0.7161179266306815
sic_threshold_vs_effective_n,interpolated,515.085,0.7760442360498313,0.7154833797845571
sic_threshold_vs_effective_n,interpolated,518.6800000000001,0.7747101443335086,0.7148642288902972
sic_threshold_vs_effective_n,interpolated,522.275,0.773376052617186,0.7142603195951088
sic_threshold_vs_effective_n,interpolated,525.87,0.7720419609008634,0.7136714975461995
sic_threshold_vs_effective_n,interpolated,529.465,0.7707078691845408,0.713097608390777
sic_threshold_vs_effective_n,interpolated,533.0600000000001,0.7693737774682181,0.712538497776048
sic_threshold_vs_effective_n,interpolated,536.655,0.7680396857518955,0.7119940113492208
sic_threshold_vs_effective_n,interpolated,540.25,0.7667055940355729,0.7114639947575025
sic_threshold_vs_effective_n,interpolated,543.845,0.7653715023192502,0.7109482936481001
sic_threshold_vs_effective_n,interpolated,547.44,0.7640374106029276,0.7104467536682216
sic_threshold_vs_effective_n,interpolated,551.0350000000001,0.762703318886605,0.7099592204650742
sic_threshold_vs_effective_n,interpolated,554.63,0.7613692271702823,0.7094855396858651
sic_threshold_vs_effective_n,interpolated,558.225,0.7600351354539597,0.7090255569778021
sic_threshold_vs_effective_n,interpolated,561.82,0.7587010437376371,0.7085791179880926
sic_threshold_vs_effective_n,interpolated,565.4150000000001,0.7573669520213144,0.7081460683639438
sic_threshold_vs_effective_n,interpolated,569.01,0.756032860304992,0.7077262537525633
sic_threshold_vs_effective_n,interpolated,572.605,0.7546987685886692,0.7073195198011583
sic_threshold_vs_effective_n,interpolated,576.2,0.7533646768723465,0.7069257121569364
sic_threshold_vs_effective_n,interpolated,579.7950000000001,0.752030585156024,0.7065446764671051
sic_threshold_vs_effective_n,interpolated,583.39,0.7506964934397014,0.7061762583788718
sic_threshold_vs_effective_n,interpolated,586.985,0.7493624017233788,0.7058203035394437
sic_threshold_vs_effective_n,interpolated,590.58,0.7480283100070562,0.7054766575960285
sic_threshold_vs_effective_n,interpolated,594.1750000000001,0.7466942182907335,0.7051451661958335
sic_threshold_vs_effective_n,interpolated,597.77,0.7453601265744109,0.7048256749860662
sic_threshold_vs_effective_n,interpolated,601.365,0.7440260348580883,0.7045180296139338
sic_threshold_vs_effective_n,interpolated,604.96,0.7426919431417656,0.7042220757266439
sic_threshold_vs_effective_n,interpolated,608.5550000000001,0.741357851425443,0.7039376589714039
sic_threshold_vs_effective_n,interpolated,612.15,0.7400237597091204,0.7036646249954214
sic_threshold_vs_effective_n,interpolated,615.745,0.7386896679927977,0.7034028194459035
sic_threshold_vs_effective_n,interpolated,619.34,0.7373555762764751,0.7031520879700581
sic_threshold_vs_effective_n,interpolated,622.9350000000001,0.7360214845601525,0.702912276215092
sic_threshold_vs_effective_n,interpolated,626.5300000000001,0.7346873928438298,0.7026832298282131
sic_threshold_vs_effective_n,interpolated,630.125,0.7333533011275073,0.7024647944566286
sic_threshold_vs_effective_n,interpolated,633.72,0.7320192094111846,0.7022568157475462
sic_threshold_vs_effective_n,interpolated,637.315,0.7306851176948619,0.7020591393481729
sic_threshold_vs_effective_n,interpolated,640.9100000000001,0.7293510259785393,0.7018716109057163
sic_threshold_vs_effective_n,interpolated,644.505,0.7280169342622167,0.7016940760673841
sic_threshold_vs_effective_n,interpolated,648.1,0.7266828425458941,0.7015263804803834
sic_threshold_vs_effective_n,interpolated,651.695,0.7253487508295715,0.7013683697919216
sic_threshold_vs_effective_n,interpolated,655.2900000000001,0.7240146591132488,0.7012198896492063
sic_threshold_vs_effective_n,interpolated,658.885,0.7226805673969262,0.7010807856994451
sic_threshold_vs_effective_n,interpolated,662.48,0.7213464756806036,0.7009509035898449
sic_threshold_vs_effective_n,interpolated,666.075,0.7200123839642809,0.7008300889676137
sic_threshold_vs_effective_n,interpolated,669.6700000000001,0.7186782922479583,0.7007181874799584
sic_threshold_vs_effective_n,interpolated,673.265,0.7173442005316357,0.7006150447740869
sic_threshold_vs_effective_n,interpolated,676.86,0.716010108815313,0.7005205064972063
sic_threshold_vs_effective_n,interpolated,680.455,0.7146760170989904,0.7004344182965241
sic_threshold_vs_effective_n,interpolated,684.0500000000001,0.7133419253826678,0.7003566258192478
sic_threshold_vs_effective_n,interpolated,687.645,0.7120078336663452,0.7002869747125849
sic_threshold_vs_effective_n,interpolated,691.24,0.7106737419500225,0.7002253106237428
sic_threshold_vs_effective_n,interpolated,694.835,0.7093396502336999,0.7001714791999286
sic_threshold_vs_effective_n,interpolated,698.4300000000001,0.7080055585173772,0.70012532608835
sic_threshold_vs_effective_n,interpolated,702.0250000000001,0.7066714668010546,0.7000866969362145
sic_threshold_vs_effective_n,interpolated,705.62,0.705337375084732,0.7000554373907293
sic_threshold_vs_effective_n,interpolated,709.215,0.7040032833684094,0.7000313930991021
sic_threshold_vs_effective_n,interpolated,712.8100000000001,0.7026691916520869,0.70001440970854
sic_threshold_vs_effective_n,interpolated,716.4050000000001,0.7013350999357642,0.7000043328662507
sic_threshold_vs_effective_n,interpolated,720.0,0.7000010082194416,0.7000010082194416
sic_threshold_vs_effective_n,raw_point,1.0,2.35,2.35
sic_threshold_vs_effective_n,raw_point,2.0,2.3174895518241505,2.3174895518241505
sic_threshold_vs_effective_n,raw_point,5.0,2.2237513501941706,2.2237513501941706
sic_threshold_vs_effective_n,raw_point,10.0,2.0794367834293515,2.0794367834293515
sic_threshold_vs_effective_n,raw_point,50.0,1.3223051497526042,1.3223051497526042
sic_threshold_vs_effective_n,raw_point,100.0,0.9300808035240392,0.9300808035240392
sic_threshold_vs_effective_n,raw_point,720.0,0.7000010082194416,0.7000010082194416
synthetic_volume_per_energy,interpolated,0.35,0.0,0.0
synthetic_volume_per_energy,interpolated,0.38825,0.030600000000000006,0.030600000000000013
synthetic_volume_per_energy,interpolated,0.4265,0.06120000000000001,0.06120000000000002
synthetic_volume_per_energy,interpolated,0.46475,0.09180000000000002,0.09180000000000002
synthetic_volume_per_energy,interpolated,0.503,0.12240000000000002,0.12240000000000002
synthetic_volume_per_energy,interpolated,0.54125,0.15300000000000002,0.15300000000000002
synthetic_volume_per_energy,interpolated,0.5794999999999999,0.18359999999999993,0.18359999999999993
synthetic_volume_per_energy,interpolated,0.61775,0.21420000000000006,0.21420000000000006
synthetic_volume_per_energy,interpolated,0.6559999999999999,0.24479999999999996,0.24479999999999996
synthetic_volume_per_energy,interpolated,0.69425,0.2754000000000001,0.2754000000000001
synthetic_volume_per_energy,interpolated,0.7324999999999999,0.30599999999999994,0.30599999999999994
synthetic_volume_per_energy,interpolated,0.77075,0.33660000000000007,0.33660000000000007
synthetic_volume_per_energy,interpolated,0.8089999999999999,0.36719999999999997,0.36719999999999997
synthetic_volume_per_energy,interpolated,0.84725,0.39780000000000004,0.39780000000000004
synthetic_volume_per_energy,interpolated,0.8855,0.4284,0.4284
synthetic_volume_per_energy,interpolated,0.92375,0.45899999999999996,0.45899999999999996
synthetic_volume_per_energy,interpolated,0.962,0.48960000000000004,0.48960000000000004
synthetic_volume_per_energy,interpolated,1.0002499999999999,0.5201999999999999,0.5201999999999999
synthetic_volume_per_energy,interpolated,1.0385,0.5508,0.5508
synthetic_volume_per_energy,interpolated,1.07675,0.5814000000000001,0.5814000000000001
synthetic_volume_per_energy,interpolated,1.115,0.612,0.612
synthetic_volume_per_energy,interpolated,1.1532499999999999,0.6426,0.6426
synthetic_volume_per_energy,interpolated,1.1915,0.6732,0.6732
synthetic_volume_per_energy,interpolated,1.2297500000000001,0.7038000000000001,0.7038000000000001
synthetic_volume_per_energy,interpolated,1.2679999999999998,0.7343999999999998,0.7343999999999998
synthetic_volume_per_energy,interpolated,1.30625,0.7649999999999999,0.7649999999999999
synthetic_volume_per_energy,interpolated,1.3445,0.7956000000000001,0.7956000000000001
synthetic_volume_per_energy,interpolated,1.3827500000000001,0.8262000000000002,0.8262000000000002
synthetic_volume_per_energy,interpolated,1.4209999999999998,0.8567999999999999,0.8567999999999999
synthetic_volume_per_energy,interpolated,1.45925,0.8874,0.8874
synthetic_volume_per_energy,interpolated,1.4975,0.9180000000000001,0.9180000000000001
synthetic_volume_per_energy,interpolated,1.5357500000000002,0.9486000000000001,0.9486000000000001
synthetic_volume_per_energy,interpolated,1.5739999999999998,0.9791999999999998,0.9791999999999998
synthetic_volume_per_energy,interpolated,1.61225,1.0098,1.0098
synthetic_volume_per_energy,interpolated,1.6505,1.0404,1.0404
synthetic_volume_per_energy,interpolated,1.6887499999999998,1.0709999999999997,1.0709999999999997
synthetic_volume_per_energy,interpolated,1.7269999999999999,1.1016,1.1016
synthetic_volume_per_energy,interpolated,1.76525,1.1322,1.1322
synthetic_volume_per_energy,interpolated,1.8035,1.1628000000000003,1.1628000000000003
synthetic_volume_per_energy,interpolated,1.8417499999999998,1.1934,1.1934
synthetic_volume_per_energy,interpolated,1.88,1.224,1.224
synthetic_volume_per_energy,interpolated,1.91825,1.2546,1.2546
synthetic_volume_per_energy,interpolated,1.9565000000000001,1.2852000000000001,1.2852000000000001
synthetic_volume_per_energy,interpolated,1.9947499999999998,1.3157999999999999,1.3157999999999999
synthetic_volume_per_energy,interpolated,2.033,1.3464,1.3464
synthetic_volume_per_energy,interpolated,2.07125,1.377,1.377
synthetic_volume_per_energy,interpolated,2.1095,1.4076000000000002,1.4076000000000002
synthetic_volume_per_energy,interpolated,2.14775,1.4382,1.4382
synthetic_volume_per_energy,interpolated,2.186,1.4687999999999999,1.4688
synthetic_volume_per_energy,interpolated,2.22425,1.4994,1.4994
synthetic_volume_per_energy,interpolated,2.2624999999999997,1.5299999999999998,1.5299999999999998
synthetic_volume_per_energy,interpolated,2.30075,1.5606,1.5606
synthetic_volume_per_energy,interpolated,2.339,1.5912,1.5912000000000002
synthetic_volume_per_energy,interpolated,2.37725,1.6218000000000001,1.6218000000000001
synthetic_volume_per_energy,interpolated,2.4155,1.6524,1.6524000000000003
synthetic_volume_per_energy,interpolated,2.45375,1.6829999999999998,1.683
synthetic_volume_per_energy,interpolated,2.492,1.7136,1.7136
synthetic_volume_per_energy,interpolated,2.53025,1.7442000000000002,1.7442000000000002
synthetic_volume_per_energy,interpolated,2.5685000000000002,1.7748000000000002,1.7748000000000004
synthetic_volume_per_energy,interpolated,2.60675,1.8054,1.8054000000000001
synthetic_volume_per_energy,interpolated,2.645,1.836,1.836
synthetic_volume_per_energy,interpolated,2.68325,1.8666,1.8666
synthetic_volume_per_energy,interpolated,2.7215000000000003,1.8972000000000002,1.8972000000000002
synthetic_volume_per_energy,interpolated,2.75975,1.9278,1.9278
synthetic_volume_per_energy,interpolated,2.798,1.9584000000000001,1.9584000000000001
synthetic_volume_per_energy,interpolated,2.83625,1.989,1.989
synthetic_volume_per_energy,interpolated,2.8745,2.0195999999999996,2.0196
synthetic_volume_per_energy,interpolated,2.91275,2.0502,2.0502000000000002
synthetic_volume_per_energy,interpolated,2.951,2.0808,2.0808
synthetic_volume_per_energy,interpolated,2.98925,2.1114,2.1114
synthetic_volume_per_energy,interpolated,3.0275,2.142,2.142
synthetic_volume_per_energy,interpolated,3.06575,2.1726,2.1726
synthetic_volume_per_energy,interpolated,3.104,2.2032,2.2032000000000003
synthetic_volume_per_energy,interpolated,3.14225,2.2338,2.2338000000000005
synthetic_volume_per_energy,interpolated,3.1805,2.2643999999999997,2.2643999999999997
synthetic_volume_per_energy,interpolated,3.21875,2.295,2.2949999999999995
synthetic_volume_per_energy,interpolated,3.257,2.3256,2.3255999999999997
synthetic_volume_per_energy,interpolated,3.2952500000000002,2.3562000000000003,2.3562
synthetic_volume_per_energy,interpolated,3.3335,2.3868,2.3867999999999996
synthetic_volume_per_energy,interpolated,3.37175,2.4173999999999998,2.4173999999999998
synthetic_volume_per_energy,interpolated,3.41,2.4480000000000004,2.448
synthetic_volume_per_energy,interpolated,3.44825,2.4786,2.4785999999999997
synthetic_volume_per_energy,interpolated,3.4865,2.5092,2.5091999999999994
synthetic_volume_per_energy,interpolated,3.52475,2.5398,2.5398
synthetic_volume_per_energy,interpolated,3.563,2.5704000000000002,2.5704
synthetic_volume_per_energy,interpolated,3.60125,2.601,2.601
synthetic_volume_per_energy,interpolated,3.6395,2.6315999999999997,2.6316
synthetic_volume_per_energy,interpolated,3.67775,2.6622,2.6622000000000003
synthetic_volume_per_energy,interpolated,3.716,2.6928,2.6928
synthetic_volume_per_energy,interpolated,3.75425,2.7234,2.7234
synthetic_volume_per_energy,interpolated,3.7925,2.754,2.7540000000000004
synthetic_volume_per_energy,interpolated,3.83075,2.7846,2.7846
synthetic_volume_per_energy,interpolated,3.869,2.8152,2.8152000000000004
synthetic_volume_per_energy,interpolated,3.90725,2.8457999999999997,2.8458
synthetic_volume_per_energy,interpolated,3.9455,2.8764,2.8764000000000003
synthetic_volume_per_energy,interpolated,3.98375,2.907,2.907
synthetic_volume_per_energy,interpolated,4.021999999999999,2.9375999999999993,2.9375999999999993
synthetic_volume_per_energy,interpolated,4.06025,2.9682,2.9682
synthetic_volume_per_energy,interpolated,4.0985,2.9987999999999997,2.9987999999999997
synthetic_volume_per_energy,interpolated,4.13675,3.0294,3.0294
synthetic_volume_per_energy,interpolated,4.175,3.0599999999999996,3.0599999999999996
synthetic_volume_per_energy,interpolated,4.2132499999999995,3.0905999999999993,3.0905999999999993
synthetic_volume_per_energy,interpolated,4.2515,3.1212,3.1212
synthetic_volume_per_energy,interpolated,4.28975,3.1517999999999997,3.1517999999999997
synthetic_volume_per_energy,interpolated,4.327999999999999,3.1823999999999995,3.1823999999999995
synthetic_volume_per_energy,interpolated,4.36625,3.213,3.213
synthetic_volume_per_energy,interpolated,4.4045,3.2436,3.2436
synthetic_volume_per_energy,interpolated,4.442749999999999,3.2741999999999996,3.2741999999999996
synthetic_volume_per_energy,interpolated,4.481,3.3048,3.3047999999999997
synthetic_volume_per_energy,interpolated,4.5192499999999995,3.3354,3.3353999999999995
synthetic_volume_per_energy,interpolated,4.557499999999999,3.3659999999999997,3.365999999999999
synthetic_volume_per_energy,interpolated,4.59575,3.3966,3.3966
synthetic_volume_per_energy,interpolated,4.6339999999999995,3.4271999999999996,3.4271999999999996
synthetic_volume_per_energy,interpolated,4.672249999999999,3.4577999999999993,3.4577999999999993
synthetic_volume_per_energy,interpolated,4.7105,3.4884,3.4883999999999995
synthetic_volume_per_energy,interpolated,4.748749999999999,3.5189999999999997,3.5189999999999992
synthetic_volume_per_energy,interpolated,4.787,3.5496,3.5496
synthetic_volume_per_energy,interpolated,4.82525,3.5801999999999996,3.5801999999999996
synthetic_volume_per_energy,interpolated,4.863499999999999,3.6107999999999993,3.6107999999999993
synthetic_volume_per_energy,interpolated,4.90175,3.6414,3.6414
synthetic_volume_per_energy,interpolated,4.9399999999999995,3.6719999999999997,3.6719999999999997
synthetic_volume_per_energy,interpolated,4.978249999999999,3.7025999999999994,3.7025999999999994
synthetic_volume_per_energy,interpolated,5.0165,3.7332,3.7331999999999996
synthetic_volume_per_energy,interpolated,5.054749999999999,3.7638,3.7637999999999994
synthetic_volume_per_energy,interpolated,5.093,3.7944000000000004,3.7944
synthetic_volume_per_energy,interpolated,5.13125,3.825,3.8249999999999997
synthetic_volume_per_energy,interpolated,5.169499999999999,3.8556,3.8555999999999995
synthetic_volume_per_energy,interpolated,5.20775,3.8862,3.8861999999999997
synthetic_volume_per_energy,interpolated,5.2459999999999996,3.9168,3.9167999999999994
synthetic_volume_per_energy,interpolated,5.284249999999999,3.9473999999999996,3.947399999999999
synthetic_volume_per_energy,interpolated,5.3225,3.978,3.9779999999999998
synthetic_volume_per_energy,interpolated,5.3607499999999995,4.0085999999999995,4.0085999999999995
synthetic_volume_per_energy,interpolated,5.398999999999999,4.039199999999999,4.039199999999999
synthetic_volume_per_energy,interpolated,5.43725,4.0698,4.0698
synthetic_volume_per_energy,interpolated,5.475499999999999,4.1004,4.1004
synthetic_volume_per_energy,interpolated,5.51375,4.131,4.131
synthetic_volume_per_energy,interpolated,5.552,4.1616,4.1616
synthetic_volume_per_energy,interpolated,5.590249999999999,4.1922,4.1922
synthetic_volume_per_energy,interpolated,5.6285,4.2228,4.222799999999999
synthetic_volume_per_energy,interpolated,5.6667499999999995,4.2534,4.253399999999999
synthetic_volume_per_energy,interpolated,5.704999999999999,4.284,4.283999999999999
synthetic_volume_per_energy,interpolated,5.74325,4.3146,4.3145999999999995
synthetic_volume_per_energy,interpolated,5.781499999999999,4.3452,4.345199999999999
synthetic_volume_per_energy,interpolated,5.81975,4.3758,4.3758
synthetic_volume_per_energy,interpolated,5.858,4.4064,4.4064
synthetic_volume_per_energy,interpolated,5.896249999999999,4.436999999999999,4.436999999999999
synthetic_volume_per_energy,interpolated,5.9345,4.467600000000001,4.4676
synthetic_volume_per_energy,interpolated,5.97275,4.498200000000001,4.4982
synthetic_volume_per_energy,interpolated,6.010999999999999,4.5288,4.5287999999999995
synthetic_volume_per_energy,interpolated,6.04925,4.5594,4.5594
synthetic_volume_per_energy,interpolated,6.0874999999999995,4.59,4.59
synthetic_volume_per_energy,interpolated,6.125749999999999,4.6206,4.6206
synthetic_volume_per_energy,interpolated,6.164,4.6512,4.651199999999999
synthetic_volume_per_energy,interpolated,6.202249999999999,4.6818,4.681799999999999
synthetic_volume_per_energy,interpolated,6.2405,4.712400000000001,4.7124
synthetic_volume_per_energy,interpolated,6.27875,4.743,4.742999999999999
synthetic_volume_per_energy,interpolated,6.316999999999999,4.7736,4.773599999999999
synthetic_volume_per_energy,interpolated,6.35525,4.804200000000001,4.8042
synthetic_volume_per_energy,interpolated,6.3934999999999995,4.8348,4.8347999999999995
synthetic_volume_per_energy,interpolated,6.431749999999999,4.8654,4.865399999999999
synthetic_volume_per_energy,interpolated,6.47,4.896000000000001,4.896
synthetic_volume_per_energy,interpolated,6.508249999999999,4.9266000000000005,4.9266
synthetic_volume_per_energy,interpolated,6.546499999999999,4.9572,4.957199999999999
synthetic_volume_per_energy,interpolated,6.58475,4.9878,4.9878
synthetic_volume_per_energy,interpolated,6.622999999999999,5.0184,5.0184
synthetic_volume_per_energy,interpolated,6.66125,5.049,5.0489999999999995
synthetic_volume_per_energy,interpolated,6.6995,5.0796,5.079599999999999
synthetic_volume_per_energy,interpolated,6.737749999999999,5.1102,5.110199999999999
synthetic_volume_per_energy,interpolated,6.776,5.1408000000000005,5.1408000000000005
synthetic_volume_per_energy,interpolated,6.8142499999999995,5.1714,5.1714
synthetic_volume_per_energy,interpolated,6.852499999999999,5.202,5.202
synthetic_volume_per_energy,interpolated,6.89075,5.232600000000001,5.2326
synthetic_volume_per_energy,interpolated,6.928999999999999,5.2632,5.263199999999999
synthetic_volume_per_energy,interpolated,6.96725,5.293800000000001,5.2938
synthetic_volume_per_energy,interpolated,7.0055,5.324400000000001,5.3244
synthetic_volume_per_energy,interpolated,7.043749999999999,5.355,5.3549999999999995
synthetic_volume_per_energy,interpolated,7.082,5.3856,5.3856
synthetic_volume_per_energy,interpolated,7.1202499999999995,5.4162,5.4162
synthetic_volume_per_energy,interpolated,7.158499999999999,5.4468,5.4468
synthetic_volume_per_energy,interpolated,7.19675,5.477400000000001,5.4774
synthetic_volume_per_energy,interpolated,7.234999999999999,5.508000000000001,5.508
synthetic_volume_per_energy,interpolated,7.273249999999999,5.538600000000001,5.5386
synthetic_volume_per_energy,interpolated,7.3115,5.5692,5.569200000000001
synthetic_volume_per_energy,interpolated,7.349749999999999,5.5998,5.599800000000001
synthetic_volume_per_energy,interpolated,7.388,5.630400000000001,5.630400000000001
synthetic_volume_per_energy,interpolated,7.42625,5.6610000000000005,5.6610000000000005
synthetic_volume_per_energy,interpolated,7.464499999999999,5.6916,5.6916
synthetic_volume_per_energy,interpolated,7.50275,5.722200000000001,5.722200000000001
synthetic_volume_per_energy,interpolated,7.5409999999999995,5.752800000000001,5.752800000000001
synthetic_volume_per_energy,interpolated,7.579249999999999,5.7834,5.7834
synthetic_volume_per_energy,interpolated,7.6175,5.814,5.814000000000001
synthetic_volume_per_energy,interpolated,7.655749999999999,5.8446,5.844600000000001
synthetic_volume_per_energy,interpolated,7.693999999999999,5.8751999999999995,5.8752
synthetic_volume_per_energy,interpolated,7.73225,5.905800000000001,5.9058
synthetic_volume_per_energy,interpolated,7.770499999999999,5.936400000000001,5.9364
synthetic_volume_per_energy,interpolated,7.80875,5.9670000000000005,5.967000000000001
synthetic_volume_per_energy,interpolated,7.8469999999999995,5.9976,5.997600000000001
synthetic_volume_per_energy,interpolated,7.885249999999999,6.0282,6.028200000000001
synthetic_volume_per_energy,interpolated,7.9235,6.058800000000001,6.058800000000001
synthetic_volume_per_energy,interpolated,7.961749999999999,6.0894,6.0894
synthetic_volume_per_energy,interpolated,7.999999999999999,6.12,6.12
synthetic_volume_per_energy,raw_point,0.35,0.0,0.0
synthetic_volume_per_energy,raw_point,0.5,0.12000000000000002,0.12000000000000002
synthetic_volume_per_energy,raw_point,1.0,0.52,0.52
synthetic_volume_per_energy,raw_point,2.0,1.32,1.32
synthetic_volume_per_energy,raw_point,4.0,2.92,2.92
synthetic_volume_per_energy,raw_point,8.0,6.120000000000001,6.120000000000001
ysz_analytic_depth_vs_fluence,interpolated,1.0,0.0,0.0
ysz_analytic_depth_vs_fluence,interpolated,1.195,1.5813139216218413e-08,1.730701568260031e-08
ysz_analytic_depth_vs_fluence,interpolated,1.3900000000000001,3.1626278432436826e-08,3.277080046259697e-08
ysz_analytic_depth_vs_fluence,interpolated,1.585,4.543710604249671e-08,4.6117941920873356e-08
ysz_analytic_depth_vs_fluence,interpolated,1.78,5.665670686811616e-08,5.780989067124288e-08
ysz_analytic_depth_vs_fluence,interpolated,1.975,6.787630769373562e-08,6.809172290217705e-08
ysz_analytic_depth_vs_fluence,interpolated,2.17,7.620762489383332e-08,7.734086176184908e-08
ysz_analytic_depth_vs_fluence,interpolated,2.365,8.411419450194254e-08,8.599547780208972e-08
ysz_analytic_depth_vs_fluence,interpolated,2.56,9.202076411005173e-08,9.404180061175788e-08
ysz_analytic_depth_vs_fluence,interpolated,2.755,9.992733371816094e-08,1.0146034462008925e-07
ysz_analytic_depth_vs_fluence,interpolated,2.95,1.0783390332627016e-07,1.082316242563195e-07
ysz_analytic_depth_vs_fluence,interpolated,3.145,1.135647146391144e-07,1.1444264601030459e-07
ysz_analytic_depth_vs_fluence,interpolated,3.34,1.185452644708328e-07,1.20356233322569e-07
ysz_analytic_depth_vs_fluence,interpolated,3.535,1.2352581430255123e-07,1.259973196989915e-07
ysz_analytic_depth_vs_fluence,interpolated,3.73,1.2850636413426962e-07,1.313785279275201e-07
ysz_analytic_depth_vs_fluence,interpolated,3.9250000000000003,1.3348691396598804e-07,1.3651248079610278e-07
ysz_analytic_depth_vs_fluence,interpolated,4.12,1.3846746379770644e-07,1.4141180109268752e-07
ysz_analytic_depth_vs_fluence,interpolated,4.3149999999999995,1.4344801362942483e-07,1.460891116052224e-07
ysz_analytic_depth_vs_fluence,interpolated,4.51,1.4842856346114325e-07,1.505570351216553e-07
ysz_analytic_depth_vs_fluence,interpolated,4.705,1.5340911329286168e-07,1.548281944299343e-07
ysz_analytic_depth_vs_fluence,interpolated,4.9,1.583896631245801e-07,1.5891521231800734e-07
ysz_analytic_depth_vs_fluence,interpolated,5.095,1.6249684804837027e-07,1.6283249997230554e-07
ysz_analytic_depth_vs_fluence,interpolated,5.29,1.6568470149013082e-07,1.6660210714709187e-07
ysz_analytic_depth_vs_fluence,interpolated,5.485,1.6887255493189133e-07,1.7023377944074015e-07
ysz_analytic_depth_vs_fluence,interpolated,5.68,1.7206040837365185e-07,1.7373505811942591e-07
ysz_analytic_depth_vs_fluence,interpolated,5.875,1.752482618154124e-07,1.771134844493247e-07
ysz_analytic_depth_vs_fluence,interpolated,6.07,1.784361152571729e-07,1.803765996966121e-07
ysz_analytic_depth_vs_fluence,interpolated,6.265000000000001,1.8162396869893342e-07,1.835319451274636e-07
ysz_analytic_depth_vs_fluence,interpolated,6.46,1.8481182214069394e-07,1.865870620080547e-07
ysz_analytic_depth_vs_fluence,interpolated,6.655,1.8799967558245448e-07,1.8954949160456104e-07
ysz_analytic_depth_vs_fluence,interpolated,6.8500000000000005,1.91187529024215e-07,1.924267751831581e-07
ysz_analytic_depth_vs_fluence,interpolated,7.045,1.943753824659755e-07,1.9522645401002147e-07
ysz_analytic_depth_vs_fluence,interpolated,7.24,1.9756323590773605e-07,1.9795606935132665e-07
ysz_analytic_depth_vs_fluence,interpolated,7.4350000000000005,2.0053244880412347e-07,2.0062346148950192e-07
ysz_analytic_depth_vs_fluence,interpolated,7.63,2.0279232474820915e-07,2.032408188902773e-07
ysz_analytic_depth_vs_fluence,interpolated,7.825,2.0505220069229486e-07,2.058093251745264e-07
ysz_analytic_depth_vs_fluence,interpolated,8.02,2.0731207663638055e-07,2.0832599118566298e-07
ysz_analytic_depth_vs_fluence,interpolated,8.215,2.0957195258046626e-07,2.1078782776710075e-07
ysz_analytic_depth_vs_fluence,interpolated,8.41,2.1183182852455197e-07,2.131918457622534e-07
ysz_analytic_depth_vs_fluence,interpolated,8.605,2.1409170446863767e-07,2.1553505601453474e-07
ysz_analytic_depth_vs_fluence,interpolated,8.8,2.1635158041272338e-07,2.1781446936735843e-07
ysz_analytic_depth_vs_fluence,interpolated,8.995000000000001,2.1861145635680907e-07,2.200270966641382e-07
ysz_analytic_depth_vs_fluence,interpolated,9.19,2.2087133230089475e-07,2.2216994874828779e-07
ysz_analytic_depth_vs_fluence,interpolated,9.385,2.2313120824498046e-07,2.2424003646322093e-07
ysz_analytic_depth_vs_fluence,interpolated,9.58,2.2539108418906617e-07,2.2623437065235138e-07
ysz_analytic_depth_vs_fluence,interpolated,9.775,2.2765096013315188e-07,2.281499621590928e-07
ysz_analytic_depth_vs_fluence,interpolated,9.97,2.2991083607723756e-07,2.29983821826859e-07
ysz_analytic_depth_vs_fluence,interpolated,10.165000000000001,2.314022021473285e-07,2.3175763384746173e-07
ysz_analytic_depth_vs_fluence,interpolated,10.36,2.327538391494204e-07,2.3351355507428493e-07
ysz_analytic_depth_vs_fluence,interpolated,10.555,2.3410547615151227e-07,2.3525241527625142e-07
ysz_analytic_depth_vs_fluence,interpolated,10.75,2.3545711315360419e-07,2.3697424046857192e-07
ysz_analytic_depth_vs_fluence,interpolated,10.945,2.3680875015569607e-07,2.386790566664571e-07
ysz_analytic_depth_vs_fluence,interpolated,11.14,2.3816038715778796e-07,2.4036688988511774e-07
ysz_analytic_depth_vs_fluence,interpolated,11.335,2.3951202415987984e-07,2.420377661397644e-07
ysz_analytic_depth_vs_fluence,interpolated,11.530000000000001,2.4086366116197175e-07,2.436917114456079e-07
ysz_analytic_depth_vs_fluence,interpolated,11.725,2.422152981640636e-07,2.4532875181785887e-07
ysz_analytic_depth_vs_fluence,interpolated,11.92,2.435669351661555e-07,2.4694891327172806e-07
ysz_analytic_depth_vs_fluence,interpolated,12.115,2.4491857216824743e-07,2.4855222182242616e-07
ysz_analytic_depth_vs_fluence,interpolated,12.31,2.4627020917033934e-07,2.5013870348516384e-07
ysz_analytic_depth_vs_fluence,interpolated,12.505,2.476218461724312e-07,2.517083842751518e-07
ysz_analytic_depth_vs_fluence,interpolated,12.700000000000001,2.489734831745231e-07,2.532612902076009e-07
ysz_analytic_depth_vs_fluence,interpolated,12.895,2.5032512017661497e-07,2.5479744729772163e-07
ysz_analytic_depth_vs_fluence,interpolated,13.09,2.516767571787069e-07,2.563168815607248e-07
ysz_analytic_depth_vs_fluence,interpolated,13.285,2.530283941807988e-07,2.578196190118211e-07
ysz_analytic_depth_vs_fluence,interpolated,13.48,2.5438003118289065e-07,2.593056856662212e-07
ysz_analytic_depth_vs_fluence,interpolated,13.675,2.5573166818498256e-07,2.6077510753913586e-07
ysz_analytic_depth_vs_fluence,interpolated,13.870000000000001,2.570833051870745e-07,2.622279106457757e-07
ysz_analytic_depth_vs_fluence,interpolated,14.065000000000001,2.5843494218916633e-07,2.636641210013516e-07
ysz_analytic_depth_vs_fluence,interpolated,14.26,2.5978657919125824e-07,2.65083764621074e-07
ysz_analytic_depth_vs_fluence,interpolated,14.455,2.6113821619335015e-07,2.6648686752015374e-07
ysz_analytic_depth_vs_fluence,interpolated,14.65,2.62489853195442e-07,2.6787345571380156e-07
ysz_analytic_depth_vs_fluence,interpolated,14.845,2.638414901975339e-07,2.692435552172282e-07
ysz_analytic_depth_vs_fluence,interpolated,15.040000000000001,2.6519312719962584e-07,2.7059719204564415e-07
ysz_analytic_depth_vs_fluence,interpolated,15.235000000000001,2.665447642017177e-07,2.719343922142603e-07
ysz_analytic_depth_vs_fluence,interpolated,15.43,2.678964012038096e-07,2.732551817382873e-07
ysz_analytic_depth_vs_fluence,interpolated,15.625,2.692480382059015e-07,2.7455958663293587e-07
ysz_analytic_depth_vs_fluence,interpolated,15.82,2.705996752079934e-07,2.758476329134167e-07
ysz_analytic_depth_vs_fluence,interpolated,16.015,2.719513122100853e-07,2.771193465949405e-07
ysz_analytic_depth_vs_fluence,interpolated,16.21,2.733029492121772e-07,2.783747536927179e-07
ysz_analytic_depth_vs_fluence,interpolated,16.405,2.7465458621426905e-07,2.796138802219597e-07
ysz_analytic_depth_vs_fluence,interpolated,16.6,2.7600622321636097e-07,2.808367521978766e-07
ysz_analytic_depth_vs_fluence,interpolated,16.795,2.773578602184529e-07,2.820433956356792e-07
ysz_analytic_depth_vs_fluence,interpolated,16.990000000000002,2.7870949722054474e-07,2.832338365505783e-07
ysz_analytic_depth_vs_fluence,interpolated,17.185000000000002,2.8006113422263665e-07,2.8440810095778455e-07
ysz_analytic_depth_vs_fluence,interpolated,17.38,2.814127712247285e-07,2.855662148725087e-07
ysz_analytic_depth_vs_fluence,interpolated,17.575,2.827644082268204e-07,2.8670820430996144e-07
ysz_analytic_depth_vs_fluence,interpolated,17.77,2.841160452289123e-07,2.878340952853534e-07
ysz_analytic_depth_vs_fluence,interpolated,17.965,2.854676822310042e-07,2.889439138138955e-07
ysz_analytic_depth_vs_fluence,interpolated,18.16,2.868193192330961e-07,2.900376859107981e-07
ysz_analytic_depth_vs_fluence,interpolated,18.355,2.8817095623518795e-07,2.911154375912722e-07
ysz_analytic_depth_vs_fluence,interpolated,18.55,2.8952259323727987e-07,2.921771948705283e-07
ysz_analytic_depth_vs_fluence,interpolated,18.745,2.908742302393718e-07,2.9322298376377733e-07
ysz_analytic_depth_vs_fluence,interpolated,18.94,2.9222586724146364e-07,2.9425283028622977e-07
ysz_analytic_depth_vs_fluence,interpolated,19.135,2.9357750424355555e-07,2.952667604530964e-07
ysz_analytic_depth_vs_fluence,interpolated,19.330000000000002,2.9492914124564746e-07,2.96264800279588e-07
ysz_analytic_depth_vs_fluence,interpolated,19.525000000000002,2.9628077824773937e-07,2.972469757809151e-07
ysz_analytic_depth_vs_fluence,interpolated,19.72,2.9763241524983123e-07,2.982133129722886e-07
ysz_analytic_depth_vs_fluence,interpolated,19.915,2.9898405225192314e-07,2.9916383786891904e-07
ysz_analytic_depth_vs_fluence,interpolated,20.11,2.9995445830470703e-07,3.001008672868644e-07
ysz_analytic_depth_vs_fluence,interpolated,20.305,3.0063027680575296e-07,3.010351116162183e-07
ysz_analytic_depth_vs_fluence,interpolated,20.5,3.0130609530679895e-07,3.0196783425573976e-07
ysz_analytic_depth_vs_fluence,interpolated,20.695,3.019819138078449e-07,3.0289892648312744e-07
ysz_analytic_depth_vs_fluence,interpolated,20.89,3.0265773230889086e-07,3.0382827957608e-07
ysz_analytic_depth_vs_fluence,interpolated,21.085,3.033335508099368e-07,3.0475578481229617e-07
ysz_analytic_depth_vs_fluence,interpolated,21.28,3.040093693109827e-07,3.056813334694744e-07
ysz_analytic_depth_vs_fluence,interpolated,21.475,3.046851878120287e-07,3.0660481682531344e-07
ysz_analytic_depth_vs_fluence,interpolated,21.67,3.053610063130746e-07,3.0752612615751195e-07
ysz_analytic_depth_vs_fluence,interpolated,21.865000000000002,3.0603682481412056e-07,3.084451527437685e-07
ysz_analytic_depth_vs_fluence,interpolated,22.060000000000002,3.0671264331516654e-07,3.0936178786178184e-07
ysz_analytic_depth_vs_fluence,interpolated,22.255,3.0738846181621247e-07,3.1027592278925056e-07
ysz_analytic_depth_vs_fluence,interpolated,22.45,3.080642803172584e-07,3.1118744880387326e-07
ysz_analytic_depth_vs_fluence,interpolated,22.645,3.087400988183043e-07,3.120962571833487e-07
ysz_analytic_depth_vs_fluence,interpolated,22.84,3.094159173193503e-07,3.130022392053754e-07
ysz_analytic_depth_vs_fluence,interpolated,23.035,3.1009173582039624e-07,3.1390528614765207e-07
ysz_analytic_depth_vs_fluence,interpolated,23.23,3.107675543214422e-07,3.148052892878774e-07
ysz_analytic_depth_vs_fluence,interpolated,23.425,3.1144337282248815e-07,3.157021399037499e-07
ysz_analytic_depth_vs_fluence,interpolated,23.62,3.121191913235341e-07,3.165957292729683e-07
ysz_analytic_depth_vs_fluence,interpolated,23.815,3.1279500982458006e-07,3.1748594867323125e-07
ysz_analytic_depth_vs_fluence,interpolated,24.01,3.13470828325626e-07,3.183726893822374e-07
ysz_analytic_depth_vs_fluence,interpolated,24.205000000000002,3.141466468266719e-07,3.1925584267768535e-07
ysz_analytic_depth_vs_fluence,interpolated,24.400000000000002,3.148224653277179e-07,3.2013529983727375e-07
ysz_analytic_depth_vs_fluence,interpolated,24.595000000000002,3.1549828382876383e-07,3.210109521387012e-07
ysz_analytic_depth_vs_fluence,interpolated,24.79,3.1617410232980976e-07,3.2188269085966653e-07
ysz_analytic_depth_vs_fluence,interpolated,24.985,3.168499208308557e-07,3.227504072778682e-07
ysz_analytic_depth_vs_fluence,interpolated,25.18,3.1752573933190167e-07,3.23613992671005e-07
ysz_analytic_depth_vs_fluence,interpolated,25.375,3.182015578329476e-07,3.2447333831677537e-07
ysz_analytic_depth_vs_fluence,interpolated,25.57,3.188773763339935e-07,3.253283354928781e-07
ysz_analytic_depth_vs_fluence,interpolated,25.765,3.195531948350395e-07,3.261788754770118e-07
ysz_analytic_depth_vs_fluence,interpolated,25.96,3.2022901333608544e-07,3.2702484954687516e-07
ysz_analytic_depth_vs_fluence,interpolated,26.155,3.209048318371314e-07,3.2786614898016677e-07
ysz_analytic_depth_vs_fluence,interpolated,26.35,3.2158065033817735e-07,3.2870266505458535e-07
ysz_analytic_depth_vs_fluence,interpolated,26.545,3.222564688392233e-07,3.2953428904782936e-07
ysz_analytic_depth_vs_fluence,interpolated,26.740000000000002,3.2293228734026926e-07,3.3036091223759764e-07
ysz_analytic_depth_vs_fluence,interpolated,26.935000000000002,3.236081058413152e-07,3.311824259015888e-07
ysz_analytic_depth_vs_fluence,interpolated,27.130000000000003,3.242839243423611e-07,3.319987213175014e-07
ysz_analytic_depth_vs_fluence,interpolated,27.325,3.2495974284340705e-07,3.328096897630341e-07
ysz_analytic_depth_vs_fluence,interpolated,27.52,3.2563556134445303e-07,3.336152225158856e-07
ysz_analytic_depth_vs_fluence,interpolated,27.715,3.2631137984549896e-07,3.344152108537545e-07
ysz_analytic_depth_vs_fluence,interpolated,27.91,3.269871983465449e-07,3.352095460543395e-07
ysz_analytic_depth_vs_fluence,interpolated,28.105,3.2766301684759087e-07,3.359981193953392e-07
ysz_analytic_depth_vs_fluence,interpolated,28.3,3.283388353486368e-07,3.367808221544522e-07
ysz_analytic_depth_vs_fluence,interpolated,28.495,3.2901465384968273e-07,3.3755754560937726e-07
ysz_analytic_depth_vs_fluence,interpolated,28.69,3.296904723507287e-07,3.3832818103781293e-07
ysz_analytic_depth_vs_fluence,interpolated,28.885,3.3036629085177464e-07,3.3909261971745795e-07
ysz_analytic_depth_vs_fluence,interpolated,29.080000000000002,3.310421093528206e-07,3.398507529260108e-07
ysz_analytic_depth_vs_fluence,interpolated,29.275000000000002,3.3171792785386655e-07,3.406024719411703e-07
ysz_analytic_depth_vs_fluence,interpolated,29.470000000000002,3.323937463549125e-07,3.41347668040635e-07
ysz_analytic_depth_vs_fluence,interpolated,29.665000000000003,3.3306956485595846e-07,3.420862325021035e-07
ysz_analytic_depth_vs_fluence,interpolated,29.86,3.337453833570044e-07,3.4281805660327453e-07
ysz_analytic_depth_vs_fluence,interpolated,30.055,3.344212018580503e-07,3.4354303162184675e-07
ysz_analytic_depth_vs_fluence,interpolated,30.25,3.3509702035909625e-07,3.4426104883551883e-07
ysz_analytic_depth_vs_fluence,interpolated,30.445,3.3577283886014223e-07,3.4497199952198924e-07
ysz_analytic_depth_vs_fluence,interpolated,30.64,3.3644865736118816e-07,3.4567577495895674e-07
ysz_analytic_depth_vs_fluence,interpolated,30.835,3.371244758622341e-07,3.4637226642412e-07
ysz_analytic_depth_vs_fluence,interpolated,31.03,3.3780029436328007e-07,3.470613651951776e-07
ysz_analytic_depth_vs_fluence,interpolated,31.225,3.38476112864326e-07,3.477429625498282e-07
ysz_analytic_depth_vs_fluence,interpolated,31.42,3.39151931365372e-07,3.484169497657705e-07
ysz_analytic_depth_vs_fluence,interpolated,31.615000000000002,3.398277498664179e-07,3.490832181207031e-07
ysz_analytic_depth_vs_fluence,interpolated,31.810000000000002,3.4050356836746384e-07,3.4974165889232463e-07
ysz_analytic_depth_vs_fluence,interpolated,32.005,3.411793868685098e-07,3.5039216335833376e-07
ysz_analytic_depth_vs_fluence,interpolated,32.2,3.4185520536955575e-07,3.5103462279642916e-07
ysz_analytic_depth_vs_fluence,interpolated,32.394999999999996,3.425310238706017e-07,3.516689284843094e-07
ysz_analytic_depth_vs_fluence,interpolated,32.59,3.4320684237164766e-07,3.522949716996732e-07
ysz_analytic_depth_vs_fluence,interpolated,32.785,3.438826608726936e-07,3.529126437202191e-07
ysz_analytic_depth_vs_fluence,interpolated,32.980000000000004,3.445584793737395e-07,3.535218358236459e-07
ysz_analytic_depth_vs_fluence,interpolated,33.175000000000004,3.452342978747855e-07,3.541224392876521e-07
ysz_analytic_depth_vs_fluence,interpolated,33.370000000000005,3.4591011637583143e-07,3.547143453899364e-07
ysz_analytic_depth_vs_fluence,interpolated,33.565,3.4658593487687736e-07,3.5529744540819747e-07
ysz_analytic_depth_vs_fluence,interpolated,33.76,3.472617533779233e-07,3.558716306201339e-07
ysz_analytic_depth_vs_fluence,interpolated,33.955,3.4793757187896927e-07,3.564367923034444e-07
ysz_analytic_depth_vs_fluence,interpolated,34.15,3.486133903800152e-07,3.5699282173582756e-07
ysz_analytic_depth_vs_fluence,interpolated,34.345,3.4928920888106113e-07,3.5753961019498203e-07
ysz_analytic_depth_vs_fluence,interpolated,34.54,3.499650273821071e-07,3.5807704895860654e-07
ysz_analytic_depth_vs_fluence,interpolated,34.735,3.5064084588315304e-07,3.586050293043996e-07
ysz_analytic_depth_vs_fluence,interpolated,34.93,3.5131666438419897e-07,3.591234425100599e-07
ysz_analytic_depth_vs_fluence,interpolated,35.125,3.5199248288524495e-07,3.5963217985328613e-07
ysz_analytic_depth_vs_fluence,interpolated,35.32,3.526683013862909e-07,3.601311326117769e-07
ysz_analytic_depth_vs_fluence,interpolated,35.515,3.533441198873368e-07,3.606201920632309e-07
ysz_analytic_depth_vs_fluence,interpolated,35.71,3.540199383883828e-07,3.6109924948534665e-07
ysz_analytic_depth_vs_fluence,interpolated,35.905,3.546957568894287e-07,3.6156819615582293e-07
ysz_analytic_depth_vs_fluence,interpolated,36.1,3.5537157539047465e-07,3.620269233523583e-07
ysz_analytic_depth_vs_fluence,interpolated,36.295,3.5604739389152063e-07,3.6247532235265145e-07
ysz_analytic_depth_vs_fluence,interpolated,36.49,3.5672321239256656e-07,3.62913284434401e-07
ysz_analytic_depth_vs_fluence,interpolated,36.685,3.5739903089361255e-07,3.6334070087530566e-07
ysz_analytic_depth_vs_fluence,interpolated,36.88,3.580748493946585e-07,3.63757462953064e-07
ysz_analytic_depth_vs_fluence,interpolated,37.075,3.587506678957044e-07,3.641634619453746e-07
ysz_analytic_depth_vs_fluence,interpolated,37.27,3.594264863967504e-07,3.645585891299363e-07
ysz_analytic_depth_vs_fluence,interpolated,37.465,3.601023048977963e-07,3.649427357844475e-07
ysz_analytic_depth_vs_fluence,interpolated,37.660000000000004,3.6077812339884224e-07,3.653157931866071e-07
ysz_analytic_depth_vs_fluence,interpolated,37.855000000000004,3.6145394189988817e-07,3.656776526141136e-07
ysz_analytic_depth_vs_fluence,interpolated,38.050000000000004,3.6212976040093416e-07,3.660282053446656e-07
ysz_analytic_depth_vs_fluence,interpolated,38.245000000000005,3.628055789019801e-07,3.6636734265596186e-07
ysz_analytic_depth_vs_fluence,interpolated,38.44,3.63481397403026e-07,3.666949558257009e-07
ysz_analytic_depth_vs_fluence,interpolated,38.635,3.64157215904072e-07,3.670109361315815e-07
ysz_analytic_depth_vs_fluence,interpolated,38.83,3.648330344051179e-07,3.6731517485130226e-07
ysz_analytic_depth_vs_fluence,interpolated,39.025,3.6550885290616385e-07,3.6760756326256173e-07
ysz_analytic_depth_vs_fluence,interpolated,39.22,3.6618467140720984e-07,3.6788799264305864e-07
ysz_analytic_depth_vs_fluence,interpolated,39.415,3.6686048990825577e-07,3.6815635427049165e-07
ysz_analytic_depth_vs_fluence,interpolated,39.61,3.675363084093017e-07,3.6841253942255943e-07
ysz_analytic_depth_vs_fluence,interpolated,39.805,3.682121269103477e-07,3.686564393769605e-07
ysz_analytic_depth_vs_fluence,interpolated,40.0,3.688879454113936e-07,3.688879454113936e-07
ysz_analytic_depth_vs_fluence,raw_point,1.0,0.0,0.0
ysz_analytic_depth_vs_fluence,raw_point,1.5,4.0546510810816434e-08,4.0546510810816434e-08
ysz_analytic_depth_vs_fluence,raw_point,2.0,6.931471805599452e-08,6.931471805599452e-08
ysz_analytic_depth_vs_fluence,raw_point,3.0,1.0986122886681097e-07,1.0986122886681097e-07
ysz_analytic_depth_vs_fluence,raw_point,5.0,1.6094379124341003e-07,1.6094379124341003e-07
ysz_analytic_depth_vs_fluence,raw_point,7.38905609893065,2e-07,2e-07
ysz_analytic_depth_vs_fluence,raw_point,10.0,2.302585092994046e-07,2.302585092994046e-07
ysz_analytic_depth_vs_fluence,raw_point,20.0,2.9957322735539907e-07,2.9957322735539907e-07
ysz_analytic_depth_vs_fluence,raw_point,40.0,3.688879454113936e-07,3.688879454113936e-07
