check,expected,measured,status,detail
配置层拒绝累计/平均能流基准,CONFIG_INVALID,4 个累计/平均基准 + 整份 RunConfig 均 CONFIG_INVALID,通过,非法能流基准在配置层被拒，不靠界面禁用
唯一注册基准 = 本事件入射能流,"('per_event_incident',)","唯一注册基准=('per_event_incident',)",通过,只登记「本事件入射能流」一种基准
禁用时报不可用、不返回全 0 假数组,available=False｜分类=None,未开启→available=False｜分类返回 None（非全 0 数组）,通过,禁用时如实报不可用，不返回假数组
多候选须显式 candidate_index,未给索引→不可用,2 个候选：未给索引→不可用｜idx0=2.35e+04｜idx1=4.97e+04,通过,多候选必须显式 candidate_index，不静默取默认
多脉冲口径不得当单脉冲阈值,N=10 拦｜N=1 放行,高温合金 N=10→不可用｜CFRP Fth1→可用,通过,按口径名机器识别多脉冲：N≥2 定点口径判不可用，N=1 端点放行
缺阈值如实报不可用,available=False｜threshold=None,微晶玻璃（无阈值）→available=False｜threshold=None,通过,缺阈值如实报不可用，不补近似值
只按本事件能流判超阈（可判别构造）,累计超阈但掩膜为空,两发 0.6Fth（累计 1.2Fth）掩膜=空｜单发 1.2Fth 点亮 25 单元｜高度逐位不变,通过,只按本事件能流判超阈，且协议不产生去除量
求解器启用/禁用两态一致,启用记数落盘｜禁用不造假,启用：超阈单元·事件=185｜末态单元=37｜禁用：掩膜=None 且快照不写数组,通过,启用时落盘并计数，禁用时不造假数组；threshold_only 深度仍为 null
七材料能力入口：逐条探针实跑,全部成立,探针 27/27 成立｜开放 15｜红线 11｜缺口 1,通过,七材料入口的开放/红线/缺口逐条实跑核验
