sample_id,pulse_duration_fs,repetition_rate_kHz,hatch_spacing_um,scan_speed_mm_s,pass_count,mean_depth_um,source_row,summary_monotonic,source_file,observation_definition
zr-pass-050,1000.0,2.0,2.0,10.0,1,6.49,51,False,C:\Users\RZF\Desktop\博士课题资料\工艺仿真软件\ultrafast-demo\docs\experiments\laser_proc_2026-09-18\depth_vs_passes.csv,audited_depth_vs_passes_mean_um
zr-pass-051,1000.0,2.0,2.0,10.0,2,5.4,52,False,C:\Users\RZF\Desktop\博士课题资料\工艺仿真软件\ultrafast-demo\docs\experiments\laser_proc_2026-09-18\depth_vs_passes.csv,audited_depth_vs_passes_mean_um
zr-pass-052,1000.0,2.0,2.0,10.0,3,10.17,53,False,C:\Users\RZF\Desktop\博士课题资料\工艺仿真软件\ultrafast-demo\docs\experiments\laser_proc_2026-09-18\depth_vs_passes.csv,audited_depth_vs_passes_mean_um
zr-pass-049,1000.0,2.0,2.0,10.0,4,11.34,50,False,C:\Users\RZF\Desktop\博士课题资料\工艺仿真软件\ultrafast-demo\docs\experiments\laser_proc_2026-09-18\depth_vs_passes.csv,audited_depth_vs_passes_mean_um
zr-pass-010,1000.0,40.0,6.0,25.0,1,18.25,11,True,C:\Users\RZF\Desktop\博士课题资料\工艺仿真软件\ultrafast-demo\docs\experiments\laser_proc_2026-09-18\depth_vs_passes.csv,audited_depth_vs_passes_mean_um
zr-pass-009,1000.0,40.0,6.0,25.0,2,24.48,10,True,C:\Users\RZF\Desktop\博士课题资料\工艺仿真软件\ultrafast-demo\docs\experiments\laser_proc_2026-09-18\depth_vs_passes.csv,audited_depth_vs_passes_mean_um
zr-pass-011,1000.0,40.0,6.0,25.0,3,30.7,12,True,C:\Users\RZF\Desktop\博士课题资料\工艺仿真软件\ultrafast-demo\docs\experiments\laser_proc_2026-09-18\depth_vs_passes.csv,audited_depth_vs_passes_mean_um
zr-pass-012,1000.0,40.0,6.0,25.0,4,35.57,13,True,C:\Users\RZF\Desktop\博士课题资料\工艺仿真软件\ultrafast-demo\docs\experiments\laser_proc_2026-09-18\depth_vs_passes.csv,audited_depth_vs_passes_mean_um
zr-pass-043,1000.0,40.0,10.0,15.0,1,7.11,44,True,C:\Users\RZF\Desktop\博士课题资料\工艺仿真软件\ultrafast-demo\docs\experiments\laser_proc_2026-09-18\depth_vs_passes.csv,audited_depth_vs_passes_mean_um
zr-pass-044,1000.0,40.0,10.0,15.0,2,17.94,45,True,C:\Users\RZF\Desktop\博士课题资料\工艺仿真软件\ultrafast-demo\docs\experiments\laser_proc_2026-09-18\depth_vs_passes.csv,audited_depth_vs_passes_mean_um
zr-pass-041,1000.0,40.0,10.0,15.0,3,24.58,42,True,C:\Users\RZF\Desktop\博士课题资料\工艺仿真软件\ultrafast-demo\docs\experiments\laser_proc_2026-09-18\depth_vs_passes.csv,audited_depth_vs_passes_mean_um
zr-pass-042,1000.0,40.0,10.0,15.0,4,29.35,43,True,C:\Users\RZF\Desktop\博士课题资料\工艺仿真软件\ultrafast-demo\docs\experiments\laser_proc_2026-09-18\depth_vs_passes.csv,audited_depth_vs_passes_mean_um
zr-pass-020,2000.0,10.0,8.0,5.0,1,6.58,21,True,C:\Users\RZF\Desktop\博士课题资料\工艺仿真软件\ultrafast-demo\docs\experiments\laser_proc_2026-09-18\depth_vs_passes.csv,audited_depth_vs_passes_mean_um
zr-pass-018,2000.0,10.0,8.0,5.0,2,13.09,19,True,C:\Users\RZF\Desktop\博士课题资料\工艺仿真软件\ultrafast-demo\docs\experiments\laser_proc_2026-09-18\depth_vs_passes.csv,audited_depth_vs_passes_mean_um
zr-pass-019,2000.0,10.0,8.0,5.0,3,19.07,20,True,C:\Users\RZF\Desktop\博士课题资料\工艺仿真软件\ultrafast-demo\docs\experiments\laser_proc_2026-09-18\depth_vs_passes.csv,audited_depth_vs_passes_mean_um
zr-pass-017,2000.0,10.0,8.0,5.0,4,23.23,18,True,C:\Users\RZF\Desktop\博士课题资料\工艺仿真软件\ultrafast-demo\docs\experiments\laser_proc_2026-09-18\depth_vs_passes.csv,audited_depth_vs_passes_mean_um
zr-pass-031,2000.0,2.0,2.0,5.0,1,5.04,32,True,C:\Users\RZF\Desktop\博士课题资料\工艺仿真软件\ultrafast-demo\docs\experiments\laser_proc_2026-09-18\depth_vs_passes.csv,audited_depth_vs_passes_mean_um
zr-pass-029,2000.0,2.0,2.0,5.0,2,9.82,30,True,C:\Users\RZF\Desktop\博士课题资料\工艺仿真软件\ultrafast-demo\docs\experiments\laser_proc_2026-09-18\depth_vs_passes.csv,audited_depth_vs_passes_mean_um
zr-pass-030,2000.0,2.0,2.0,5.0,3,15.9,31,True,C:\Users\RZF\Desktop\博士课题资料\工艺仿真软件\ultrafast-demo\docs\experiments\laser_proc_2026-09-18\depth_vs_passes.csv,audited_depth_vs_passes_mean_um
zr-pass-032,2000.0,2.0,2.0,5.0,4,20.32,33,True,C:\Users\RZF\Desktop\博士课题资料\工艺仿真软件\ultrafast-demo\docs\experiments\laser_proc_2026-09-18\depth_vs_passes.csv,audited_depth_vs_passes_mean_um
zr-pass-047,2000.0,2.0,4.0,10.0,1,5.84,48,False,C:\Users\RZF\Desktop\博士课题资料\工艺仿真软件\ultrafast-demo\docs\experiments\laser_proc_2026-09-18\depth_vs_passes.csv,audited_depth_vs_passes_mean_um
zr-pass-048,2000.0,2.0,4.0,10.0,2,5.63,49,False,C:\Users\RZF\Desktop\博士课题资料\工艺仿真软件\ultrafast-demo\docs\experiments\laser_proc_2026-09-18\depth_vs_passes.csv,audited_depth_vs_passes_mean_um
zr-pass-045,2000.0,2.0,4.0,10.0,3,5.89,46,False,C:\Users\RZF\Desktop\博士课题资料\工艺仿真软件\ultrafast-demo\docs\experiments\laser_proc_2026-09-18\depth_vs_passes.csv,audited_depth_vs_passes_mean_um
zr-pass-046,2000.0,2.0,4.0,10.0,4,5.8,47,False,C:\Users\RZF\Desktop\博士课题资料\工艺仿真软件\ultrafast-demo\docs\experiments\laser_proc_2026-09-18\depth_vs_passes.csv,audited_depth_vs_passes_mean_um
zr-pass-014,223.0,20.0,4.0,25.0,1,13.35,15,True,C:\Users\RZF\Desktop\博士课题资料\工艺仿真软件\ultrafast-demo\docs\experiments\laser_proc_2026-09-18\depth_vs_passes.csv,audited_depth_vs_passes_mean_um
zr-pass-015,223.0,20.0,4.0,25.0,2,23.26,16,True,C:\Users\RZF\Desktop\博士课题资料\工艺仿真软件\ultrafast-demo\docs\experiments\laser_proc_2026-09-18\depth_vs_passes.csv,audited_depth_vs_passes_mean_um
zr-pass-016,223.0,20.0,4.0,25.0,3,31.01,17,True,C:\Users\RZF\Desktop\博士课题资料\工艺仿真软件\ultrafast-demo\docs\experiments\laser_proc_2026-09-18\depth_vs_passes.csv,audited_depth_vs_passes_mean_um
zr-pass-013,223.0,20.0,4.0,25.0,4,34.88,14,True,C:\Users\RZF\Desktop\博士课题资料\工艺仿真软件\ultrafast-demo\docs\experiments\laser_proc_2026-09-18\depth_vs_passes.csv,audited_depth_vs_passes_mean_um
zr-pass-001,223.0,40.0,4.0,20.0,1,5.23,2,True,C:\Users\RZF\Desktop\博士课题资料\工艺仿真软件\ultrafast-demo\docs\experiments\laser_proc_2026-09-18\depth_vs_passes.csv,audited_depth_vs_passes_mean_um
zr-pass-002,223.0,40.0,4.0,20.0,2,29.62,3,True,C:\Users\RZF\Desktop\博士课题资料\工艺仿真软件\ultrafast-demo\docs\experiments\laser_proc_2026-09-18\depth_vs_passes.csv,audited_depth_vs_passes_mean_um
zr-pass-003,223.0,40.0,4.0,20.0,3,36.67,4,True,C:\Users\RZF\Desktop\博士课题资料\工艺仿真软件\ultrafast-demo\docs\experiments\laser_proc_2026-09-18\depth_vs_passes.csv,audited_depth_vs_passes_mean_um
zr-pass-004,223.0,40.0,4.0,20.0,4,40.4,5,True,C:\Users\RZF\Desktop\博士课题资料\工艺仿真软件\ultrafast-demo\docs\experiments\laser_proc_2026-09-18\depth_vs_passes.csv,audited_depth_vs_passes_mean_um
zr-pass-035,223.0,5.0,10.0,20.0,1,8.22,36,False,C:\Users\RZF\Desktop\博士课题资料\工艺仿真软件\ultrafast-demo\docs\experiments\laser_proc_2026-09-18\depth_vs_passes.csv,audited_depth_vs_passes_mean_um
zr-pass-033,223.0,5.0,10.0,20.0,2,6.69,34,False,C:\Users\RZF\Desktop\博士课题资料\工艺仿真软件\ultrafast-demo\docs\experiments\laser_proc_2026-09-18\depth_vs_passes.csv,audited_depth_vs_passes_mean_um
zr-pass-034,223.0,5.0,10.0,20.0,3,5.09,35,False,C:\Users\RZF\Desktop\博士课题资料\工艺仿真软件\ultrafast-demo\docs\experiments\laser_proc_2026-09-18\depth_vs_passes.csv,audited_depth_vs_passes_mean_um
zr-pass-036,223.0,5.0,10.0,20.0,4,5.99,37,False,C:\Users\RZF\Desktop\博士课题资料\工艺仿真软件\ultrafast-demo\docs\experiments\laser_proc_2026-09-18\depth_vs_passes.csv,audited_depth_vs_passes_mean_um
zr-pass-027,4000.0,10.0,10.0,20.0,1,6.03,28,True,C:\Users\RZF\Desktop\博士课题资料\工艺仿真软件\ultrafast-demo\docs\experiments\laser_proc_2026-09-18\depth_vs_passes.csv,audited_depth_vs_passes_mean_um
zr-pass-026,4000.0,10.0,10.0,20.0,2,6.5,27,True,C:\Users\RZF\Desktop\博士课题资料\工艺仿真软件\ultrafast-demo\docs\experiments\laser_proc_2026-09-18\depth_vs_passes.csv,audited_depth_vs_passes_mean_um
zr-pass-025,4000.0,10.0,10.0,20.0,3,8.92,26,True,C:\Users\RZF\Desktop\博士课题资料\工艺仿真软件\ultrafast-demo\docs\experiments\laser_proc_2026-09-18\depth_vs_passes.csv,audited_depth_vs_passes_mean_um
zr-pass-028,4000.0,10.0,10.0,20.0,4,11.76,29,True,C:\Users\RZF\Desktop\博士课题资料\工艺仿真软件\ultrafast-demo\docs\experiments\laser_proc_2026-09-18\depth_vs_passes.csv,audited_depth_vs_passes_mean_um
zr-pass-008,4000.0,20.0,2.0,15.0,1,15.83,9,True,C:\Users\RZF\Desktop\博士课题资料\工艺仿真软件\ultrafast-demo\docs\experiments\laser_proc_2026-09-18\depth_vs_passes.csv,audited_depth_vs_passes_mean_um
zr-pass-006,4000.0,20.0,2.0,15.0,2,23.86,7,True,C:\Users\RZF\Desktop\博士课题资料\工艺仿真软件\ultrafast-demo\docs\experiments\laser_proc_2026-09-18\depth_vs_passes.csv,audited_depth_vs_passes_mean_um
zr-pass-007,4000.0,20.0,2.0,15.0,3,28.76,8,True,C:\Users\RZF\Desktop\博士课题资料\工艺仿真软件\ultrafast-demo\docs\experiments\laser_proc_2026-09-18\depth_vs_passes.csv,audited_depth_vs_passes_mean_um
zr-pass-005,4000.0,20.0,2.0,15.0,4,32.19,6,True,C:\Users\RZF\Desktop\博士课题资料\工艺仿真软件\ultrafast-demo\docs\experiments\laser_proc_2026-09-18\depth_vs_passes.csv,audited_depth_vs_passes_mean_um
zr-pass-054,4000.0,5.0,8.0,10.0,1,7.32,55,False,C:\Users\RZF\Desktop\博士课题资料\工艺仿真软件\ultrafast-demo\docs\experiments\laser_proc_2026-09-18\depth_vs_passes.csv,audited_depth_vs_passes_mean_um
zr-pass-055,4000.0,5.0,8.0,10.0,2,5.5,56,False,C:\Users\RZF\Desktop\博士课题资料\工艺仿真软件\ultrafast-demo\docs\experiments\laser_proc_2026-09-18\depth_vs_passes.csv,audited_depth_vs_passes_mean_um
zr-pass-056,4000.0,5.0,8.0,10.0,3,4.98,57,False,C:\Users\RZF\Desktop\博士课题资料\工艺仿真软件\ultrafast-demo\docs\experiments\laser_proc_2026-09-18\depth_vs_passes.csv,audited_depth_vs_passes_mean_um
zr-pass-053,4000.0,5.0,8.0,10.0,4,6.68,54,False,C:\Users\RZF\Desktop\博士课题资料\工艺仿真软件\ultrafast-demo\docs\experiments\laser_proc_2026-09-18\depth_vs_passes.csv,audited_depth_vs_passes_mean_um
zr-pass-021,500.0,10.0,8.0,5.0,1,7.38,22,True,C:\Users\RZF\Desktop\博士课题资料\工艺仿真软件\ultrafast-demo\docs\experiments\laser_proc_2026-09-18\depth_vs_passes.csv,audited_depth_vs_passes_mean_um
zr-pass-022,500.0,10.0,8.0,5.0,2,13.64,23,True,C:\Users\RZF\Desktop\博士课题资料\工艺仿真软件\ultrafast-demo\docs\experiments\laser_proc_2026-09-18\depth_vs_passes.csv,audited_depth_vs_passes_mean_um
zr-pass-024,500.0,10.0,8.0,5.0,3,19.91,25,True,C:\Users\RZF\Desktop\博士课题资料\工艺仿真软件\ultrafast-demo\docs\experiments\laser_proc_2026-09-18\depth_vs_passes.csv,audited_depth_vs_passes_mean_um
zr-pass-023,500.0,10.0,8.0,5.0,4,25.14,24,True,C:\Users\RZF\Desktop\博士课题资料\工艺仿真软件\ultrafast-demo\docs\experiments\laser_proc_2026-09-18\depth_vs_passes.csv,audited_depth_vs_passes_mean_um
zr-pass-037,500.0,20.0,6.0,15.0,1,9.36,38,True,C:\Users\RZF\Desktop\博士课题资料\工艺仿真软件\ultrafast-demo\docs\experiments\laser_proc_2026-09-18\depth_vs_passes.csv,audited_depth_vs_passes_mean_um
zr-pass-038,500.0,20.0,6.0,15.0,2,17.41,39,True,C:\Users\RZF\Desktop\博士课题资料\工艺仿真软件\ultrafast-demo\docs\experiments\laser_proc_2026-09-18\depth_vs_passes.csv,audited_depth_vs_passes_mean_um
zr-pass-039,500.0,20.0,6.0,15.0,3,23.1,40,True,C:\Users\RZF\Desktop\博士课题资料\工艺仿真软件\ultrafast-demo\docs\experiments\laser_proc_2026-09-18\depth_vs_passes.csv,audited_depth_vs_passes_mean_um
zr-pass-040,500.0,20.0,6.0,15.0,4,28.82,41,True,C:\Users\RZF\Desktop\博士课题资料\工艺仿真软件\ultrafast-demo\docs\experiments\laser_proc_2026-09-18\depth_vs_passes.csv,audited_depth_vs_passes_mean_um
zr-pass-058,500.0,5.0,6.0,25.0,1,5.2,59,False,C:\Users\RZF\Desktop\博士课题资料\工艺仿真软件\ultrafast-demo\docs\experiments\laser_proc_2026-09-18\depth_vs_passes.csv,audited_depth_vs_passes_mean_um
zr-pass-060,500.0,5.0,6.0,25.0,2,4.96,61,False,C:\Users\RZF\Desktop\博士课题资料\工艺仿真软件\ultrafast-demo\docs\experiments\laser_proc_2026-09-18\depth_vs_passes.csv,audited_depth_vs_passes_mean_um
zr-pass-059,500.0,5.0,6.0,25.0,3,7.51,60,False,C:\Users\RZF\Desktop\博士课题资料\工艺仿真软件\ultrafast-demo\docs\experiments\laser_proc_2026-09-18\depth_vs_passes.csv,audited_depth_vs_passes_mean_um
zr-pass-057,500.0,5.0,6.0,25.0,4,10.64,58,False,C:\Users\RZF\Desktop\博士课题资料\工艺仿真软件\ultrafast-demo\docs\experiments\laser_proc_2026-09-18\depth_vs_passes.csv,audited_depth_vs_passes_mean_um
